Date/Time,Active Energy (kcal),Source
2022-01-06 09:18:01,0.002,Alan’s Apple Watch
2022-01-06 09:18:02,0.017,Alan’s Apple Watch
2022-01-06 09:18:03,0.017,Alan’s Apple Watch
2022-01-06 09:18:04,0.017,Alan’s Apple Watch
2022-01-06 09:18:05,0.017,Alan’s Apple Watch
2022-01-06 09:18:06,0.017,Alan’s Apple Watch
2022-01-06 09:18:07,0.017,Alan’s Apple Watch
2022-01-06 09:18:08,0.017,Alan’s Apple Watch
2022-01-06 09:18:09,0.017,Alan’s Apple Watch
2022-01-06 09:18:10,0.017,Alan’s Apple Watch
2022-01-06 09:18:11,0.017,Alan’s Apple Watch
2022-01-06 09:18:12,0.017,Alan’s Apple Watch
2022-01-06 09:18:13,0.017,Alan’s Apple Watch
2022-01-06 09:18:14,0.017,Alan’s Apple Watch
2022-01-06 09:18:15,0.017,Alan’s Apple Watch
2022-01-06 09:18:16,0.017,Alan’s Apple Watch
2022-01-06 09:18:17,0.017,Alan’s Apple Watch
2022-01-06 09:18:18,0.017,Alan’s Apple Watch
2022-01-06 09:18:19,0.017,Alan’s Apple Watch
2022-01-06 09:18:20,0.017,Alan’s Apple Watch
2022-01-06 09:18:21,0.017,Alan’s Apple Watch
2022-01-06 09:18:22,0.017,Alan’s Apple Watch
2022-01-06 09:18:23,0.017,Alan’s Apple Watch
2022-01-06 09:18:24,0.017,Alan’s Apple Watch
2022-01-06 09:18:25,0.017,Alan’s Apple Watch
2022-01-06 09:18:26,0.017,Alan’s Apple Watch
2022-01-06 09:18:27,0.017,Alan’s Apple Watch
2022-01-06 09:18:28,0.017,Alan’s Apple Watch
2022-01-06 09:18:29,0.017,Alan’s Apple Watch
2022-01-06 09:18:30,0.017,Alan’s Apple Watch
2022-01-06 09:18:31,0.017,Alan’s Apple Watch
2022-01-06 09:18:32,0.017,Alan’s Apple Watch
2022-01-06 09:18:33,0.017,Alan’s Apple Watch
2022-01-06 09:18:34,0.017,Alan’s Apple Watch
2022-01-06 09:18:35,0.017,Alan’s Apple Watch
2022-01-06 09:18:36,0.017,Alan’s Apple Watch
2022-01-06 09:18:37,0.017,Alan’s Apple Watch
2022-01-06 09:18:38,0.017,Alan’s Apple Watch
2022-01-06 09:18:39,0.017,Alan’s Apple Watch
2022-01-06 09:18:40,0.017,Alan’s Apple Watch
2022-01-06 09:18:41,0.017,Alan’s Apple Watch
2022-01-06 09:18:42,0.017,Alan’s Apple Watch
2022-01-06 09:18:43,0.017,Alan’s Apple Watch
2022-01-06 09:18:44,0.017,Alan’s Apple Watch
2022-01-06 09:18:45,0.017,Alan’s Apple Watch
2022-01-06 09:18:46,0.017,Alan’s Apple Watch
2022-01-06 09:18:47,0.017,Alan’s Apple Watch
2022-01-06 09:18:48,0.017,Alan’s Apple Watch
2022-01-06 09:18:49,0.017,Alan’s Apple Watch
2022-01-06 09:18:50,0.017,Alan’s Apple Watch
2022-01-06 09:18:51,0.017,Alan’s Apple Watch
2022-01-06 09:18:52,0.017,Alan’s Apple Watch
2022-01-06 09:18:53,0.017,Alan’s Apple Watch
2022-01-06 09:18:54,0.017,Alan’s Apple Watch
2022-01-06 09:18:55,0.017,Alan’s Apple Watch
2022-01-06 09:18:56,0.017,Alan’s Apple Watch
2022-01-06 09:18:57,0.017,Alan’s Apple Watch
2022-01-06 09:18:58,0.121,Alan’s Apple Watch
2022-01-06 09:18:59,0.2,Alan’s Apple Watch
2022-01-06 09:19:00,0.201,Alan’s Apple Watch
2022-01-06 09:19:01,0.199,Alan’s Apple Watch
2022-01-06 09:19:02,0.2,Alan’s Apple Watch
2022-01-06 09:19:03,0.2,Alan’s Apple Watch
2022-01-06 09:19:04,0.2,Alan’s Apple Watch
2022-01-06 09:19:05,0.2,Alan’s Apple Watch
2022-01-06 09:19:06,0.2,Alan’s Apple Watch
2022-01-06 09:19:07,0.2,Alan’s Apple Watch
2022-01-06 09:19:08,0.2,Alan’s Apple Watch
2022-01-06 09:19:09,0.2,Alan’s Apple Watch
2022-01-06 09:19:10,0.2,Alan’s Apple Watch
2022-01-06 09:19:11,0.2,Alan’s Apple Watch
2022-01-06 09:19:12,0.2,Alan’s Apple Watch
2022-01-06 09:19:13,0.2,Alan’s Apple Watch
2022-01-06 09:19:14,0.2,Alan’s Apple Watch
2022-01-06 09:19:15,0.2,Alan’s Apple Watch
2022-01-06 09:19:16,0.2,Alan’s Apple Watch
2022-01-06 09:19:17,0.2,Alan’s Apple Watch
2022-01-06 09:19:18,0.199,Alan’s Apple Watch
2022-01-06 09:19:19,0.202,Alan’s Apple Watch
2022-01-06 09:19:20,0.201,Alan’s Apple Watch
2022-01-06 09:19:21,0.201,Alan’s Apple Watch
2022-01-06 09:19:22,0.2,Alan’s Apple Watch
2022-01-06 09:19:23,0.2,Alan’s Apple Watch
2022-01-06 09:19:24,0.201,Alan’s Apple Watch
2022-01-06 09:19:25,0.201,Alan’s Apple Watch
2022-01-06 09:19:26,0.201,Alan’s Apple Watch
2022-01-06 09:19:27,0.2,Alan’s Apple Watch
2022-01-06 09:19:28,0.2,Alan’s Apple Watch
2022-01-06 09:19:29,0.2,Alan’s Apple Watch
2022-01-06 09:19:30,0.2,Alan’s Apple Watch
2022-01-06 09:19:31,0.2,Alan’s Apple Watch
2022-01-06 09:19:32,0.2,Alan’s Apple Watch
2022-01-06 09:19:33,0.2,Alan’s Apple Watch
2022-01-06 09:19:34,0.093,Alan’s Apple Watch
2022-01-06 09:19:35,0.017,Alan’s Apple Watch
2022-01-06 09:19:36,0.017,Alan’s Apple Watch
2022-01-06 09:19:37,0.017,Alan’s Apple Watch
2022-01-06 09:19:38,0.017,Alan’s Apple Watch
2022-01-06 09:19:39,0.017,Alan’s Apple Watch
2022-01-06 09:19:40,0.017,Alan’s Apple Watch
2022-01-06 09:19:41,0.017,Alan’s Apple Watch
2022-01-06 09:19:42,0.173,Alan’s Apple Watch
2022-01-06 09:19:43,0.196,Alan’s Apple Watch
2022-01-06 09:19:44,0.196,Alan’s Apple Watch
2022-01-06 09:19:45,0.196,Alan’s Apple Watch
2022-01-06 09:19:46,0.196,Alan’s Apple Watch
2022-01-06 09:19:47,0.196,Alan’s Apple Watch
2022-01-06 09:19:48,0.196,Alan’s Apple Watch
2022-01-06 09:19:49,0.196,Alan’s Apple Watch
2022-01-06 09:19:50,0.196,Alan’s Apple Watch
2022-01-06 09:19:51,0.196,Alan’s Apple Watch
2022-01-06 09:19:52,0.196,Alan’s Apple Watch
2022-01-06 09:19:53,0.196,Alan’s Apple Watch
2022-01-06 09:19:54,0.193,Alan’s Apple Watch
2022-01-06 09:19:55,0.017,Alan’s Apple Watch
2022-01-06 09:19:56,0.017,Alan’s Apple Watch
2022-01-06 09:19:57,0.017,Alan’s Apple Watch
2022-01-06 09:19:58,0.017,Alan’s Apple Watch
2022-01-06 09:19:59,0.017,Alan’s Apple Watch
2022-01-06 09:20:00,0.017,Alan’s Apple Watch
2022-01-06 09:20:01,0.017,Alan’s Apple Watch
2022-01-06 09:20:02,0.017,Alan’s Apple Watch
2022-01-06 09:20:03,0.017,Alan’s Apple Watch
2022-01-06 09:20:04,0.017,Alan’s Apple Watch
2022-01-06 09:20:05,0.116,Alan’s Apple Watch
2022-01-06 09:20:06,0.151,Alan’s Apple Watch
2022-01-06 09:20:07,0.151,Alan’s Apple Watch
2022-01-06 09:20:08,0.151,Alan’s Apple Watch
2022-01-06 09:20:09,0.151,Alan’s Apple Watch
2022-01-06 09:20:10,0.151,Alan’s Apple Watch
2022-01-06 09:20:11,0.151,Alan’s Apple Watch
2022-01-06 09:20:12,0.151,Alan’s Apple Watch
2022-01-06 09:20:13,0.151,Alan’s Apple Watch
2022-01-06 09:20:14,0.151,Alan’s Apple Watch
2022-01-06 09:20:15,0.151,Alan’s Apple Watch
2022-01-06 09:20:16,0.151,Alan’s Apple Watch
2022-01-06 09:20:17,0.151,Alan’s Apple Watch
2022-01-06 09:20:18,0.151,Alan’s Apple Watch
2022-01-06 09:20:19,0.151,Alan’s Apple Watch
2022-01-06 09:20:20,0.149,Alan’s Apple Watch
2022-01-06 09:20:21,0.145,Alan’s Apple Watch
2022-01-06 09:20:22,0.145,Alan’s Apple Watch
2022-01-06 09:20:23,0.145,Alan’s Apple Watch
2022-01-06 09:20:24,0.145,Alan’s Apple Watch
2022-01-06 09:20:25,0.145,Alan’s Apple Watch
2022-01-06 09:20:26,0.145,Alan’s Apple Watch
2022-01-06 09:20:27,0.145,Alan’s Apple Watch
2022-01-06 09:20:28,0.145,Alan’s Apple Watch
2022-01-06 09:20:29,0.145,Alan’s Apple Watch
2022-01-06 09:20:30,0.14,Alan’s Apple Watch
2022-01-06 09:20:31,0.017,Alan’s Apple Watch
2022-01-06 09:20:32,0.017,Alan’s Apple Watch
2022-01-06 09:20:33,0.017,Alan’s Apple Watch
2022-01-06 09:20:34,0.017,Alan’s Apple Watch
2022-01-06 09:20:35,0.017,Alan’s Apple Watch
2022-01-06 09:20:36,0.16,Alan’s Apple Watch
2022-01-06 09:20:37,0.176,Alan’s Apple Watch
2022-01-06 09:20:38,0.176,Alan’s Apple Watch
2022-01-06 09:20:39,0.176,Alan’s Apple Watch
2022-01-06 09:20:40,0.176,Alan’s Apple Watch
2022-01-06 09:20:41,0.176,Alan’s Apple Watch
2022-01-06 09:20:42,0.176,Alan’s Apple Watch
2022-01-06 09:20:43,0.176,Alan’s Apple Watch
2022-01-06 09:20:44,0.176,Alan’s Apple Watch
2022-01-06 09:20:45,0.176,Alan’s Apple Watch
2022-01-06 09:20:46,0.078,Alan’s Apple Watch
2022-01-06 09:20:47,0.017,Alan’s Apple Watch
2022-01-06 09:20:48,0.017,Alan’s Apple Watch
2022-01-06 09:20:49,0.017,Alan’s Apple Watch
2022-01-06 09:20:50,0.017,Alan’s Apple Watch
2022-01-06 09:20:51,0.017,Alan’s Apple Watch
2022-01-06 09:20:52,0.017,Alan’s Apple Watch
2022-01-06 09:20:53,0.017,Alan’s Apple Watch
2022-01-06 09:20:54,0.017,Alan’s Apple Watch
2022-01-06 09:20:55,0.017,Alan’s Apple Watch
2022-01-06 09:20:56,0.017,Alan’s Apple Watch
2022-01-06 09:20:57,0.017,Alan’s Apple Watch
2022-01-06 09:20:58,0.017,Alan’s Apple Watch
2022-01-06 09:20:59,0.017,Alan’s Apple Watch
2022-01-06 09:21:00,0.017,Alan’s Apple Watch
2022-01-06 09:21:01,0.017,Alan’s Apple Watch
2022-01-06 09:21:02,0.017,Alan’s Apple Watch
2022-01-06 09:21:03,0.017,Alan’s Apple Watch
2022-01-06 09:21:04,0.148,Alan’s Apple Watch
2022-01-06 09:21:05,0.227,Alan’s Apple Watch
2022-01-06 09:21:06,0.227,Alan’s Apple Watch
2022-01-06 09:21:07,0.231,Alan’s Apple Watch
2022-01-06 09:21:08,0.231,Alan’s Apple Watch
2022-01-06 09:21:09,0.232,Alan’s Apple Watch
2022-01-06 09:21:10,0.232,Alan’s Apple Watch
2022-01-06 09:21:11,0.232,Alan’s Apple Watch
2022-01-06 09:21:12,0.228,Alan’s Apple Watch
2022-01-06 09:21:13,0.227,Alan’s Apple Watch
2022-01-06 09:21:14,0.227,Alan’s Apple Watch
2022-01-06 09:21:15,0.227,Alan’s Apple Watch
2022-01-06 09:21:16,0.227,Alan’s Apple Watch
2022-01-06 09:21:17,0.227,Alan’s Apple Watch
2022-01-06 09:21:18,0.227,Alan’s Apple Watch
2022-01-06 09:21:19,0.227,Alan’s Apple Watch
2022-01-06 09:21:20,0.227,Alan’s Apple Watch
2022-01-06 09:21:21,0.227,Alan’s Apple Watch
2022-01-06 09:21:22,0.202,Alan’s Apple Watch
2022-01-06 09:21:23,0.188,Alan’s Apple Watch
2022-01-06 09:21:24,0.188,Alan’s Apple Watch
2022-01-06 09:21:25,0.188,Alan’s Apple Watch
2022-01-06 09:21:26,0.188,Alan’s Apple Watch
2022-01-06 09:21:27,0.188,Alan’s Apple Watch
2022-01-06 09:21:28,0.188,Alan’s Apple Watch
2022-01-06 09:21:29,0.188,Alan’s Apple Watch
2022-01-06 09:21:30,0.18,Alan’s Apple Watch
2022-01-06 09:21:31,0.179,Alan’s Apple Watch
2022-01-06 09:21:32,0.179,Alan’s Apple Watch
2022-01-06 09:21:33,0.179,Alan’s Apple Watch
2022-01-06 09:21:34,0.179,Alan’s Apple Watch
2022-01-06 09:21:35,0.179,Alan’s Apple Watch
2022-01-06 09:21:36,0.179,Alan’s Apple Watch
2022-01-06 09:21:37,0.179,Alan’s Apple Watch
2022-01-06 09:21:38,0.179,Alan’s Apple Watch
2022-01-06 09:21:39,0.179,Alan’s Apple Watch
2022-01-06 09:21:40,0.179,Alan’s Apple Watch
2022-01-06 09:21:41,0.179,Alan’s Apple Watch
2022-01-06 09:21:42,0.167,Alan’s Apple Watch
2022-01-06 09:21:43,0.017,Alan’s Apple Watch
2022-01-06 09:21:44,0.017,Alan’s Apple Watch
2022-01-06 09:21:45,0.017,Alan’s Apple Watch
2022-01-06 09:21:46,0.017,Alan’s Apple Watch
2022-01-06 09:21:47,0.017,Alan’s Apple Watch
2022-01-06 09:21:48,0.017,Alan’s Apple Watch
2022-01-06 09:21:49,0.017,Alan’s Apple Watch
2022-01-06 09:21:50,0.017,Alan’s Apple Watch
2022-01-06 09:21:51,0.017,Alan’s Apple Watch
2022-01-06 09:21:52,0.017,Alan’s Apple Watch
2022-01-06 09:21:53,0.017,Alan’s Apple Watch
2022-01-06 09:21:54,0.017,Alan’s Apple Watch
2022-01-06 09:21:55,0.049,Alan’s Apple Watch
2022-01-06 09:21:56,0.164,Alan’s Apple Watch
2022-01-06 09:21:57,0.164,Alan’s Apple Watch
2022-01-06 09:21:58,0.164,Alan’s Apple Watch
2022-01-06 09:21:59,0.164,Alan’s Apple Watch
2022-01-06 09:22:00,0.164,Alan’s Apple Watch
2022-01-06 09:22:01,0.164,Alan’s Apple Watch
2022-01-06 09:22:02,0.164,Alan’s Apple Watch
2022-01-06 09:22:03,0.164,Alan’s Apple Watch
2022-01-06 09:22:04,0.164,Alan’s Apple Watch
2022-01-06 09:22:05,0.164,Alan’s Apple Watch
2022-01-06 09:22:06,0.164,Alan’s Apple Watch
2022-01-06 09:22:07,0.164,Alan’s Apple Watch
2022-01-06 09:22:08,0.164,Alan’s Apple Watch
2022-01-06 09:22:09,0.164,Alan’s Apple Watch
2022-01-06 09:22:10,0.164,Alan’s Apple Watch
2022-01-06 09:22:11,0.164,Alan’s Apple Watch
2022-01-06 09:22:12,0.164,Alan’s Apple Watch
2022-01-06 09:22:13,0.164,Alan’s Apple Watch
2022-01-06 09:22:14,0.164,Alan’s Apple Watch
2022-01-06 09:22:15,0.164,Alan’s Apple Watch
2022-01-06 09:22:16,0.164,Alan’s Apple Watch
2022-01-06 09:22:17,0.164,Alan’s Apple Watch
2022-01-06 09:22:18,0.173,Alan’s Apple Watch
2022-01-06 09:22:19,0.278,Alan’s Apple Watch
2022-01-06 09:22:20,0.278,Alan’s Apple Watch
2022-01-06 09:22:21,0.283,Alan’s Apple Watch
2022-01-06 09:22:22,0.289,Alan’s Apple Watch
2022-01-06 09:22:23,0.289,Alan’s Apple Watch
2022-01-06 09:22:24,0.289,Alan’s Apple Watch
2022-01-06 09:22:25,0.289,Alan’s Apple Watch
2022-01-06 09:22:26,0.289,Alan’s Apple Watch
2022-01-06 09:22:27,0.289,Alan’s Apple Watch
2022-01-06 09:22:28,0.289,Alan’s Apple Watch
2022-01-06 09:22:29,0.289,Alan’s Apple Watch
2022-01-06 09:22:30,0.289,Alan’s Apple Watch
2022-01-06 09:22:31,0.225,Alan’s Apple Watch
2022-01-06 09:22:32,0.017,Alan’s Apple Watch
2022-01-06 09:22:33,0.017,Alan’s Apple Watch
2022-01-06 09:22:34,0.017,Alan’s Apple Watch
2022-01-06 09:22:35,0.017,Alan’s Apple Watch
2022-01-06 09:22:36,0.017,Alan’s Apple Watch
2022-01-06 09:22:37,0.017,Alan’s Apple Watch
2022-01-06 09:22:38,0.017,Alan’s Apple Watch
2022-01-06 09:22:39,0.017,Alan’s Apple Watch
2022-01-06 09:22:40,0.017,Alan’s Apple Watch
2022-01-06 09:22:41,0.017,Alan’s Apple Watch
2022-01-06 09:22:42,0.017,Alan’s Apple Watch
2022-01-06 09:22:43,0.017,Alan’s Apple Watch
2022-01-06 09:22:44,0.017,Alan’s Apple Watch
2022-01-06 09:22:45,0.017,Alan’s Apple Watch
2022-01-06 09:22:46,0.017,Alan’s Apple Watch
2022-01-06 09:22:47,0.017,Alan’s Apple Watch
2022-01-06 09:22:48,0.017,Alan’s Apple Watch
2022-01-06 09:22:49,0.054,Alan’s Apple Watch
2022-01-06 09:22:50,0.17,Alan’s Apple Watch
2022-01-06 09:22:51,0.17,Alan’s Apple Watch
2022-01-06 09:22:52,0.17,Alan’s Apple Watch
2022-01-06 09:22:53,0.17,Alan’s Apple Watch
2022-01-06 09:22:54,0.17,Alan’s Apple Watch
2022-01-06 09:22:55,0.17,Alan’s Apple Watch
2022-01-06 09:22:56,0.17,Alan’s Apple Watch
2022-01-06 09:22:57,0.169,Alan’s Apple Watch
2022-01-06 09:22:58,0.168,Alan’s Apple Watch
2022-01-06 09:22:59,0.168,Alan’s Apple Watch
2022-01-06 09:23:00,0.168,Alan’s Apple Watch
2022-01-06 09:23:01,0.168,Alan’s Apple Watch
2022-01-06 09:23:02,0.166,Alan’s Apple Watch
2022-01-06 09:23:03,0.164,Alan’s Apple Watch
2022-01-06 09:23:04,0.164,Alan’s Apple Watch
2022-01-06 09:23:05,0.163,Alan’s Apple Watch
2022-01-06 09:23:06,0.163,Alan’s Apple Watch
2022-01-06 09:23:07,0.163,Alan’s Apple Watch
2022-01-06 09:23:08,0.163,Alan’s Apple Watch
2022-01-06 09:23:09,0.163,Alan’s Apple Watch
2022-01-06 09:23:10,0.18,Alan’s Apple Watch
2022-01-06 09:23:11,0.187,Alan’s Apple Watch
2022-01-06 09:23:12,0.187,Alan’s Apple Watch
2022-01-06 09:23:13,0.187,Alan’s Apple Watch
2022-01-06 09:23:14,0.187,Alan’s Apple Watch
2022-01-06 09:23:15,0.187,Alan’s Apple Watch
2022-01-06 09:23:16,0.187,Alan’s Apple Watch
2022-01-06 09:23:17,0.187,Alan’s Apple Watch
2022-01-06 09:23:18,0.188,Alan’s Apple Watch
2022-01-06 09:23:19,0.188,Alan’s Apple Watch
2022-01-06 09:23:20,0.188,Alan’s Apple Watch
2022-01-06 09:23:21,0.188,Alan’s Apple Watch
2022-01-06 09:23:22,0.188,Alan’s Apple Watch
2022-01-06 09:23:23,0.188,Alan’s Apple Watch
2022-01-06 09:23:24,0.188,Alan’s Apple Watch
2022-01-06 09:23:25,0.188,Alan’s Apple Watch
2022-01-06 09:23:26,0.188,Alan’s Apple Watch
2022-01-06 09:23:27,0.188,Alan’s Apple Watch
2022-01-06 09:23:28,0.07,Alan’s Apple Watch
2022-01-06 09:23:29,0.017,Alan’s Apple Watch
2022-01-06 09:23:30,0.017,Alan’s Apple Watch
2022-01-06 09:23:31,0.017,Alan’s Apple Watch
2022-01-06 09:23:32,0.017,Alan’s Apple Watch
2022-01-06 09:23:33,0.017,Alan’s Apple Watch
2022-01-06 09:23:34,0.017,Alan’s Apple Watch
2022-01-06 09:23:35,0.017,Alan’s Apple Watch
2022-01-06 09:23:36,0.017,Alan’s Apple Watch
2022-01-06 09:23:37,0.017,Alan’s Apple Watch
2022-01-06 09:23:38,0.083,Alan’s Apple Watch
2022-01-06 09:23:39,0.179,Alan’s Apple Watch
2022-01-06 09:23:40,0.179,Alan’s Apple Watch
2022-01-06 09:23:41,0.209,Alan’s Apple Watch
2022-01-06 09:23:42,0.215,Alan’s Apple Watch
2022-01-06 09:23:43,0.215,Alan’s Apple Watch
2022-01-06 09:23:44,0.215,Alan’s Apple Watch
2022-01-06 09:23:45,0.215,Alan’s Apple Watch
2022-01-06 09:23:46,0.215,Alan’s Apple Watch
2022-01-06 09:23:47,0.215,Alan’s Apple Watch
2022-01-06 09:23:48,0.215,Alan’s Apple Watch
2022-01-06 09:23:49,0.215,Alan’s Apple Watch
2022-01-06 09:23:50,0.215,Alan’s Apple Watch
2022-01-06 09:23:51,0.105,Alan’s Apple Watch
2022-01-06 09:23:52,0.017,Alan’s Apple Watch
2022-01-06 09:23:53,0.017,Alan’s Apple Watch
2022-01-06 09:23:54,0.017,Alan’s Apple Watch
2022-01-06 09:23:55,0.017,Alan’s Apple Watch
2022-01-06 09:23:56,0.017,Alan’s Apple Watch
2022-01-06 09:23:57,0.017,Alan’s Apple Watch
2022-01-06 09:23:58,0.017,Alan’s Apple Watch
2022-01-06 09:23:59,0.017,Alan’s Apple Watch
2022-01-06 09:24:00,0.017,Alan’s Apple Watch
2022-01-06 09:24:01,0.017,Alan’s Apple Watch
2022-01-06 09:24:02,0.017,Alan’s Apple Watch
2022-01-06 09:24:03,0.017,Alan’s Apple Watch
2022-01-06 09:24:04,0.017,Alan’s Apple Watch
2022-01-06 09:24:05,0.017,Alan’s Apple Watch
2022-01-06 09:24:06,0.017,Alan’s Apple Watch
2022-01-06 09:24:07,0.017,Alan’s Apple Watch
2022-01-06 09:24:08,0.017,Alan’s Apple Watch
2022-01-06 09:24:09,0.017,Alan’s Apple Watch
2022-01-06 09:24:10,0.017,Alan’s Apple Watch
2022-01-06 09:24:11,0.017,Alan’s Apple Watch
2022-01-06 09:24:12,0.211,Alan’s Apple Watch
2022-01-06 09:24:13,0.214,Alan’s Apple Watch
2022-01-06 09:24:14,0.214,Alan’s Apple Watch
2022-01-06 09:24:15,0.214,Alan’s Apple Watch
2022-01-06 09:24:16,0.214,Alan’s Apple Watch
2022-01-06 09:24:17,0.213,Alan’s Apple Watch
2022-01-06 09:24:18,0.213,Alan’s Apple Watch
2022-01-06 09:24:19,0.213,Alan’s Apple Watch
2022-01-06 09:24:20,0.213,Alan’s Apple Watch
2022-01-06 09:24:21,0.213,Alan’s Apple Watch
2022-01-06 09:24:22,0.213,Alan’s Apple Watch
2022-01-06 09:24:23,0.213,Alan’s Apple Watch
2022-01-06 09:24:24,0.186,Alan’s Apple Watch
2022-01-06 09:24:25,0.017,Alan’s Apple Watch
2022-01-06 09:24:26,0.017,Alan’s Apple Watch
2022-01-06 09:24:27,0.017,Alan’s Apple Watch
2022-01-06 09:24:28,0.017,Alan’s Apple Watch
2022-01-06 09:24:29,0.017,Alan’s Apple Watch
2022-01-06 09:24:30,0.017,Alan’s Apple Watch
2022-01-06 09:24:31,0.017,Alan’s Apple Watch
2022-01-06 09:24:32,0.017,Alan’s Apple Watch
2022-01-06 09:24:33,0.017,Alan’s Apple Watch
2022-01-06 09:24:34,0.017,Alan’s Apple Watch
2022-01-06 09:24:35,0.017,Alan’s Apple Watch
2022-01-06 09:24:36,0.017,Alan’s Apple Watch
2022-01-06 09:24:37,0.017,Alan’s Apple Watch
2022-01-06 09:24:38,0.017,Alan’s Apple Watch
2022-01-06 09:24:39,0.017,Alan’s Apple Watch
2022-01-06 09:24:40,0.017,Alan’s Apple Watch
2022-01-06 09:24:41,0.017,Alan’s Apple Watch
2022-01-06 09:24:42,0.017,Alan’s Apple Watch
2022-01-06 09:24:43,0.017,Alan’s Apple Watch
2022-01-06 09:24:44,0.017,Alan’s Apple Watch
2022-01-06 09:24:45,0.121,Alan’s Apple Watch
2022-01-06 09:24:46,0.197,Alan’s Apple Watch
2022-01-06 09:24:47,0.195,Alan’s Apple Watch
2022-01-06 09:24:48,0.198,Alan’s Apple Watch
2022-01-06 09:24:49,0.197,Alan’s Apple Watch
2022-01-06 09:24:50,0.197,Alan’s Apple Watch
2022-01-06 09:24:51,0.197,Alan’s Apple Watch
2022-01-06 09:24:52,0.197,Alan’s Apple Watch
2022-01-06 09:24:53,0.197,Alan’s Apple Watch
2022-01-06 09:24:54,0.197,Alan’s Apple Watch
2022-01-06 09:24:55,0.197,Alan’s Apple Watch
2022-01-06 09:24:56,0.197,Alan’s Apple Watch
2022-01-06 09:24:57,0.197,Alan’s Apple Watch
2022-01-06 09:24:58,0.197,Alan’s Apple Watch
2022-01-06 09:24:59,0.197,Alan’s Apple Watch
2022-01-06 09:25:00,0.197,Alan’s Apple Watch
2022-01-06 09:25:01,0.197,Alan’s Apple Watch
2022-01-06 09:25:02,0.197,Alan’s Apple Watch
2022-01-06 09:25:03,0.197,Alan’s Apple Watch
2022-01-06 09:25:04,0.197,Alan’s Apple Watch
2022-01-06 09:25:05,0.197,Alan’s Apple Watch
2022-01-06 09:25:06,0.196,Alan’s Apple Watch
2022-01-06 09:25:07,0.196,Alan’s Apple Watch
2022-01-06 09:25:08,0.197,Alan’s Apple Watch
2022-01-06 09:25:09,0.197,Alan’s Apple Watch
2022-01-06 09:25:10,0.197,Alan’s Apple Watch
2022-01-06 09:25:11,0.197,Alan’s Apple Watch
2022-01-06 09:25:12,0.197,Alan’s Apple Watch
2022-01-06 09:25:13,0.197,Alan’s Apple Watch
2022-01-06 09:25:14,0.196,Alan’s Apple Watch
2022-01-06 09:25:15,0.196,Alan’s Apple Watch
2022-01-06 09:25:16,0.196,Alan’s Apple Watch
2022-01-06 09:25:17,0.197,Alan’s Apple Watch
2022-01-06 09:25:18,0.197,Alan’s Apple Watch
2022-01-06 09:25:19,0.197,Alan’s Apple Watch
2022-01-06 09:25:20,0.197,Alan’s Apple Watch
2022-01-06 09:25:21,0.197,Alan’s Apple Watch
2022-01-06 09:25:22,0.197,Alan’s Apple Watch
2022-01-06 09:25:23,0.197,Alan’s Apple Watch
2022-01-06 09:25:24,0.197,Alan’s Apple Watch
2022-01-06 09:25:25,0.197,Alan’s Apple Watch
2022-01-06 09:25:26,0.197,Alan’s Apple Watch
2022-01-06 09:25:27,0.197,Alan’s Apple Watch
2022-01-06 09:25:28,0.197,Alan’s Apple Watch
2022-01-06 09:25:29,0.197,Alan’s Apple Watch
2022-01-06 09:25:30,0.197,Alan’s Apple Watch
2022-01-06 09:25:31,0.197,Alan’s Apple Watch
2022-01-06 09:25:32,0.197,Alan’s Apple Watch
2022-01-06 09:25:33,0.197,Alan’s Apple Watch
2022-01-06 09:25:34,0.197,Alan’s Apple Watch
2022-01-06 09:25:35,0.197,Alan’s Apple Watch
2022-01-06 09:25:36,0.197,Alan’s Apple Watch
2022-01-06 09:25:37,0.197,Alan’s Apple Watch
2022-01-06 09:25:38,0.197,Alan’s Apple Watch
2022-01-06 09:25:39,0.196,Alan’s Apple Watch
2022-01-06 09:25:40,0.196,Alan’s Apple Watch
2022-01-06 09:25:41,0.196,Alan’s Apple Watch
2022-01-06 09:25:42,0.196,Alan’s Apple Watch
2022-01-06 09:25:43,0.196,Alan’s Apple Watch
2022-01-06 09:25:44,0.196,Alan’s Apple Watch
2022-01-06 09:25:45,0.196,Alan’s Apple Watch
2022-01-06 09:25:46,0.196,Alan’s Apple Watch
2022-01-06 09:25:47,0.194,Alan’s Apple Watch
2022-01-06 09:25:48,0.194,Alan’s Apple Watch
2022-01-06 09:25:49,0.194,Alan’s Apple Watch
2022-01-06 09:25:50,0.194,Alan’s Apple Watch
2022-01-06 09:25:51,0.194,Alan’s Apple Watch
2022-01-06 09:25:52,0.194,Alan’s Apple Watch
2022-01-06 09:25:53,0.194,Alan’s Apple Watch
2022-01-06 09:25:54,0.194,Alan’s Apple Watch
2022-01-06 09:25:55,0.194,Alan’s Apple Watch
2022-01-06 09:25:56,0.194,Alan’s Apple Watch
2022-01-06 09:25:57,0.086,Alan’s Apple Watch
2022-01-06 09:25:58,0.017,Alan’s Apple Watch
2022-01-06 09:25:59,0.017,Alan’s Apple Watch
2022-01-06 09:26:00,0.017,Alan’s Apple Watch
2022-01-06 09:26:01,0.017,Alan’s Apple Watch
2022-01-06 09:26:02,0.017,Alan’s Apple Watch
2022-01-06 09:26:03,0.017,Alan’s Apple Watch
2022-01-06 09:26:04,0.017,Alan’s Apple Watch
2022-01-06 09:26:05,0.017,Alan’s Apple Watch
2022-01-06 09:26:06,0.017,Alan’s Apple Watch
2022-01-06 09:26:07,0.017,Alan’s Apple Watch
2022-01-06 09:26:08,0.017,Alan’s Apple Watch
2022-01-06 09:26:09,0.017,Alan’s Apple Watch
2022-01-06 09:26:10,0.017,Alan’s Apple Watch
2022-01-06 09:26:11,0.017,Alan’s Apple Watch
2022-01-06 09:26:12,0.06,Alan’s Apple Watch
2022-01-06 09:26:13,0.25,Alan’s Apple Watch
2022-01-06 09:26:14,0.25,Alan’s Apple Watch
2022-01-06 09:26:15,0.25,Alan’s Apple Watch
2022-01-06 09:26:16,0.25,Alan’s Apple Watch
2022-01-06 09:26:17,0.249,Alan’s Apple Watch
2022-01-06 09:26:18,0.224,Alan’s Apple Watch
2022-01-06 09:26:19,0.224,Alan’s Apple Watch
2022-01-06 09:26:20,0.222,Alan’s Apple Watch
2022-01-06 09:26:21,0.219,Alan’s Apple Watch
2022-01-06 09:26:22,0.219,Alan’s Apple Watch
2022-01-06 09:26:23,0.218,Alan’s Apple Watch
2022-01-06 09:26:24,0.218,Alan’s Apple Watch
2022-01-06 09:26:25,0.219,Alan’s Apple Watch
2022-01-06 09:26:26,0.219,Alan’s Apple Watch
2022-01-06 09:26:27,0.219,Alan’s Apple Watch
2022-01-06 09:26:28,0.219,Alan’s Apple Watch
2022-01-06 09:26:29,0.219,Alan’s Apple Watch
2022-01-06 09:26:30,0.219,Alan’s Apple Watch
2022-01-06 09:26:31,0.219,Alan’s Apple Watch
2022-01-06 09:26:32,0.219,Alan’s Apple Watch
2022-01-06 09:26:33,0.092,Alan’s Apple Watch
2022-01-06 09:26:34,0.017,Alan’s Apple Watch
2022-01-06 09:26:35,0.017,Alan’s Apple Watch
2022-01-06 09:26:36,0.017,Alan’s Apple Watch
2022-01-06 09:26:37,0.017,Alan’s Apple Watch
2022-01-06 09:26:38,0.017,Alan’s Apple Watch
2022-01-06 09:26:39,0.017,Alan’s Apple Watch
2022-01-06 09:26:40,0.017,Alan’s Apple Watch
2022-01-06 09:26:41,0.179,Alan’s Apple Watch
2022-01-06 09:26:42,0.194,Alan’s Apple Watch
2022-01-06 09:26:43,0.194,Alan’s Apple Watch
2022-01-06 09:26:44,0.195,Alan’s Apple Watch
2022-01-06 09:26:45,0.195,Alan’s Apple Watch
2022-01-06 09:26:46,0.195,Alan’s Apple Watch
2022-01-06 09:26:47,0.195,Alan’s Apple Watch
2022-01-06 09:26:48,0.195,Alan’s Apple Watch
2022-01-06 09:26:49,0.195,Alan’s Apple Watch
2022-01-06 09:26:50,0.195,Alan’s Apple Watch
2022-01-06 09:26:51,0.194,Alan’s Apple Watch
2022-01-06 09:26:52,0.194,Alan’s Apple Watch
2022-01-06 09:26:53,0.194,Alan’s Apple Watch
2022-01-06 09:26:54,0.194,Alan’s Apple Watch
2022-01-06 09:26:55,0.194,Alan’s Apple Watch
2022-01-06 09:26:56,0.194,Alan’s Apple Watch
2022-01-06 09:26:57,0.194,Alan’s Apple Watch
2022-01-06 09:26:58,0.194,Alan’s Apple Watch
2022-01-06 09:26:59,0.194,Alan’s Apple Watch
2022-01-06 09:27:00,0.194,Alan’s Apple Watch
2022-01-06 09:27:01,0.132,Alan’s Apple Watch
2022-01-06 09:27:02,0.017,Alan’s Apple Watch
2022-01-06 09:27:03,0.017,Alan’s Apple Watch
2022-01-06 09:27:04,0.017,Alan’s Apple Watch
2022-01-06 09:27:05,0.017,Alan’s Apple Watch
2022-01-06 09:27:06,0.017,Alan’s Apple Watch
2022-01-06 09:27:07,0.017,Alan’s Apple Watch
2022-01-06 09:27:08,0.017,Alan’s Apple Watch
2022-01-06 09:27:09,0.163,Alan’s Apple Watch
2022-01-06 09:27:10,0.246,Alan’s Apple Watch
2022-01-06 09:27:11,0.246,Alan’s Apple Watch
2022-01-06 09:27:12,0.246,Alan’s Apple Watch
2022-01-06 09:27:13,0.246,Alan’s Apple Watch
2022-01-06 09:27:14,0.217,Alan’s Apple Watch
2022-01-06 09:27:15,0.188,Alan’s Apple Watch
2022-01-06 09:27:16,0.188,Alan’s Apple Watch
2022-01-06 09:27:17,0.187,Alan’s Apple Watch
2022-01-06 09:27:18,0.187,Alan’s Apple Watch
2022-01-06 09:27:19,0.187,Alan’s Apple Watch
2022-01-06 09:27:20,0.188,Alan’s Apple Watch
2022-01-06 09:27:21,0.188,Alan’s Apple Watch
2022-01-06 09:27:22,0.188,Alan’s Apple Watch
2022-01-06 09:27:23,0.188,Alan’s Apple Watch
2022-01-06 09:27:24,0.188,Alan’s Apple Watch
2022-01-06 09:27:25,0.188,Alan’s Apple Watch
2022-01-06 09:27:26,0.188,Alan’s Apple Watch
2022-01-06 09:27:27,0.188,Alan’s Apple Watch
2022-01-06 09:27:28,0.188,Alan’s Apple Watch
2022-01-06 09:27:29,0.174,Alan’s Apple Watch
2022-01-06 09:27:30,0.017,Alan’s Apple Watch
2022-01-06 09:27:31,0.017,Alan’s Apple Watch
2022-01-06 09:27:32,0.017,Alan’s Apple Watch
2022-01-06 09:27:33,0.017,Alan’s Apple Watch
2022-01-06 09:27:34,0.017,Alan’s Apple Watch
2022-01-06 09:27:35,0.017,Alan’s Apple Watch
2022-01-06 09:27:36,0.017,Alan’s Apple Watch
2022-01-06 09:27:37,0.017,Alan’s Apple Watch
2022-01-06 09:27:38,0.017,Alan’s Apple Watch
2022-01-06 09:27:39,0.017,Alan’s Apple Watch
2022-01-06 09:27:40,0.017,Alan’s Apple Watch
2022-01-06 09:27:41,0.017,Alan’s Apple Watch
2022-01-06 09:27:42,0.017,Alan’s Apple Watch
2022-01-06 09:27:43,0.017,Alan’s Apple Watch
2022-01-06 09:27:44,0.017,Alan’s Apple Watch
2022-01-06 09:27:45,0.017,Alan’s Apple Watch
2022-01-06 09:27:46,0.017,Alan’s Apple Watch
2022-01-06 09:27:47,0.017,Alan’s Apple Watch
2022-01-06 09:27:48,0.017,Alan’s Apple Watch
2022-01-06 09:27:49,0.017,Alan’s Apple Watch
2022-01-06 09:27:50,0.017,Alan’s Apple Watch
2022-01-06 09:27:51,0.017,Alan’s Apple Watch
2022-01-06 09:27:52,0.017,Alan’s Apple Watch
2022-01-06 09:27:53,0.017,Alan’s Apple Watch
2022-01-06 09:27:54,0.017,Alan’s Apple Watch
2022-01-06 09:27:55,0.017,Alan’s Apple Watch
2022-01-06 09:27:56,0.017,Alan’s Apple Watch
2022-01-06 09:27:57,0.017,Alan’s Apple Watch
2022-01-06 09:27:58,0.017,Alan’s Apple Watch
2022-01-06 09:27:59,0.017,Alan’s Apple Watch
2022-01-06 09:28:00,0.017,Alan’s Apple Watch
2022-01-06 09:28:01,0.017,Alan’s Apple Watch
2022-01-06 09:28:02,0.017,Alan’s Apple Watch
2022-01-06 09:28:03,0.017,Alan’s Apple Watch
2022-01-06 09:28:04,0.017,Alan’s Apple Watch
2022-01-06 09:28:05,0.017,Alan’s Apple Watch
2022-01-06 09:28:06,0.017,Alan’s Apple Watch
2022-01-06 09:28:07,0.017,Alan’s Apple Watch
2022-01-06 09:28:08,0.017,Alan’s Apple Watch
2022-01-06 09:28:09,0.017,Alan’s Apple Watch
2022-01-06 09:28:10,0.017,Alan’s Apple Watch
2022-01-06 09:28:11,0.017,Alan’s Apple Watch
2022-01-06 09:28:12,0.017,Alan’s Apple Watch
2022-01-06 09:28:13,0.017,Alan’s Apple Watch
2022-01-06 09:28:14,0.017,Alan’s Apple Watch
2022-01-06 09:28:15,0.017,Alan’s Apple Watch
2022-01-06 09:28:16,0.017,Alan’s Apple Watch
2022-01-06 09:28:17,0.017,Alan’s Apple Watch
2022-01-06 09:28:18,0.017,Alan’s Apple Watch
2022-01-06 09:28:19,0.017,Alan’s Apple Watch
2022-01-06 09:28:20,0.017,Alan’s Apple Watch
2022-01-06 09:28:21,0.017,Alan’s Apple Watch
2022-01-06 09:28:22,0.017,Alan’s Apple Watch
2022-01-06 09:28:23,0.035,Alan’s Apple Watch
2022-01-06 09:28:24,0.194,Alan’s Apple Watch
2022-01-06 09:28:25,0.194,Alan’s Apple Watch
2022-01-06 09:28:26,0.194,Alan’s Apple Watch
2022-01-06 09:28:27,0.194,Alan’s Apple Watch
2022-01-06 09:28:28,0.194,Alan’s Apple Watch
2022-01-06 09:28:29,0.194,Alan’s Apple Watch
2022-01-06 09:28:30,0.194,Alan’s Apple Watch
2022-01-06 09:28:31,0.194,Alan’s Apple Watch
2022-01-06 09:28:32,0.194,Alan’s Apple Watch
2022-01-06 09:28:33,0.194,Alan’s Apple Watch
2022-01-06 09:28:34,0.194,Alan’s Apple Watch
2022-01-06 09:28:35,0.194,Alan’s Apple Watch
2022-01-06 09:28:36,0.194,Alan’s Apple Watch
2022-01-06 09:28:37,0.194,Alan’s Apple Watch
2022-01-06 09:28:38,0.194,Alan’s Apple Watch
2022-01-06 09:28:39,0.193,Alan’s Apple Watch
2022-01-06 09:28:40,0.193,Alan’s Apple Watch
2022-01-06 09:28:41,0.193,Alan’s Apple Watch
2022-01-06 09:28:42,0.193,Alan’s Apple Watch
2022-01-06 09:28:43,0.193,Alan’s Apple Watch
2022-01-06 09:28:44,0.224,Alan’s Apple Watch
2022-01-06 09:28:45,0.251,Alan’s Apple Watch
2022-01-06 09:28:46,0.251,Alan’s Apple Watch
2022-01-06 09:28:47,0.254,Alan’s Apple Watch
2022-01-06 09:28:48,0.255,Alan’s Apple Watch
2022-01-06 09:28:49,0.255,Alan’s Apple Watch
2022-01-06 09:28:50,0.255,Alan’s Apple Watch
2022-01-06 09:28:51,0.255,Alan’s Apple Watch
2022-01-06 09:28:52,0.255,Alan’s Apple Watch
2022-01-06 09:28:53,0.255,Alan’s Apple Watch
2022-01-06 09:28:54,0.255,Alan’s Apple Watch
2022-01-06 09:28:55,0.255,Alan’s Apple Watch
2022-01-06 09:28:56,0.255,Alan’s Apple Watch
2022-01-06 09:28:57,0.255,Alan’s Apple Watch
2022-01-06 09:28:58,0.255,Alan’s Apple Watch
2022-01-06 09:28:59,0.255,Alan’s Apple Watch
2022-01-06 09:29:00,0.255,Alan’s Apple Watch
2022-01-06 09:29:01,0.255,Alan’s Apple Watch
2022-01-06 09:29:02,0.244,Alan’s Apple Watch
2022-01-06 09:29:03,0.234,Alan’s Apple Watch
2022-01-06 09:29:04,0.234,Alan’s Apple Watch
2022-01-06 09:29:05,0.234,Alan’s Apple Watch
2022-01-06 09:29:06,0.234,Alan’s Apple Watch
2022-01-06 09:29:07,0.234,Alan’s Apple Watch
2022-01-06 09:29:08,0.235,Alan’s Apple Watch
2022-01-06 09:29:09,0.235,Alan’s Apple Watch
2022-01-06 09:29:10,0.234,Alan’s Apple Watch
2022-01-06 09:29:11,0.234,Alan’s Apple Watch
2022-01-06 09:29:12,0.209,Alan’s Apple Watch
2022-01-06 09:29:13,0.139,Alan’s Apple Watch
2022-01-06 09:29:14,0.139,Alan’s Apple Watch
2022-01-06 09:29:15,0.139,Alan’s Apple Watch
2022-01-06 09:29:16,0.139,Alan’s Apple Watch
2022-01-06 09:29:17,0.147,Alan’s Apple Watch
2022-01-06 09:29:18,0.201,Alan’s Apple Watch
2022-01-06 09:29:19,0.201,Alan’s Apple Watch
2022-01-06 09:29:20,0.201,Alan’s Apple Watch
2022-01-06 09:29:21,0.201,Alan’s Apple Watch
2022-01-06 09:29:22,0.201,Alan’s Apple Watch
2022-01-06 09:29:23,0.201,Alan’s Apple Watch
2022-01-06 09:29:24,0.201,Alan’s Apple Watch
2022-01-06 09:29:25,0.201,Alan’s Apple Watch
2022-01-06 09:29:26,0.202,Alan’s Apple Watch
2022-01-06 09:29:27,0.202,Alan’s Apple Watch
2022-01-06 09:29:28,0.046,Alan’s Apple Watch
2022-01-06 09:29:29,0.017,Alan’s Apple Watch
2022-01-06 09:29:30,0.017,Alan’s Apple Watch
2022-01-06 09:29:31,0.017,Alan’s Apple Watch
2022-01-06 09:29:32,0.017,Alan’s Apple Watch
2022-01-06 09:29:33,0.017,Alan’s Apple Watch
2022-01-06 09:29:34,0.017,Alan’s Apple Watch
2022-01-06 09:29:35,0.017,Alan’s Apple Watch
2022-01-06 09:29:36,0.017,Alan’s Apple Watch
2022-01-06 09:29:37,0.017,Alan’s Apple Watch
2022-01-06 09:29:38,0.017,Alan’s Apple Watch
2022-01-06 09:29:39,0.017,Alan’s Apple Watch
2022-01-06 09:29:40,0.017,Alan’s Apple Watch
2022-01-06 09:29:41,0.166,Alan’s Apple Watch
2022-01-06 09:29:42,0.168,Alan’s Apple Watch
2022-01-06 09:29:43,0.168,Alan’s Apple Watch
2022-01-06 09:29:44,0.168,Alan’s Apple Watch
2022-01-06 09:29:45,0.168,Alan’s Apple Watch
2022-01-06 09:29:46,0.168,Alan’s Apple Watch
2022-01-06 09:29:47,0.168,Alan’s Apple Watch
2022-01-06 09:29:48,0.168,Alan’s Apple Watch
2022-01-06 09:29:49,0.168,Alan’s Apple Watch
2022-01-06 09:29:50,0.168,Alan’s Apple Watch
2022-01-06 09:29:51,0.168,Alan’s Apple Watch
2022-01-06 09:29:52,0.168,Alan’s Apple Watch
2022-01-06 09:29:53,0.168,Alan’s Apple Watch
2022-01-06 09:29:54,0.168,Alan’s Apple Watch
2022-01-06 09:29:55,0.168,Alan’s Apple Watch
2022-01-06 09:29:56,0.082,Alan’s Apple Watch
2022-01-06 09:29:57,0.017,Alan’s Apple Watch
2022-01-06 09:29:58,0.017,Alan’s Apple Watch
2022-01-06 09:29:59,0.017,Alan’s Apple Watch
2022-01-06 09:30:00,0.017,Alan’s Apple Watch
2022-01-06 09:30:01,0.017,Alan’s Apple Watch
2022-01-06 09:30:02,0.017,Alan’s Apple Watch
2022-01-06 09:30:03,0.017,Alan’s Apple Watch
2022-01-06 09:30:04,0.017,Alan’s Apple Watch
2022-01-06 09:30:05,0.017,Alan’s Apple Watch
2022-01-06 09:30:06,0.017,Alan’s Apple Watch
2022-01-06 09:30:07,0.017,Alan’s Apple Watch
2022-01-06 09:30:08,0.017,Alan’s Apple Watch
2022-01-06 09:30:09,0.017,Alan’s Apple Watch
2022-01-06 09:30:10,0.017,Alan’s Apple Watch
2022-01-06 09:30:11,0.039,Alan’s Apple Watch
2022-01-06 09:30:12,0.167,Alan’s Apple Watch
2022-01-06 09:30:13,0.167,Alan’s Apple Watch
2022-01-06 09:30:14,0.167,Alan’s Apple Watch
2022-01-06 09:30:15,0.167,Alan’s Apple Watch
2022-01-06 09:30:16,0.167,Alan’s Apple Watch
2022-01-06 09:30:17,0.244,Alan’s Apple Watch
2022-01-06 09:30:18,0.247,Alan’s Apple Watch
2022-01-06 09:30:19,0.247,Alan’s Apple Watch
2022-01-06 09:30:20,0.246,Alan’s Apple Watch
2022-01-06 09:30:21,0.246,Alan’s Apple Watch
2022-01-06 09:30:22,0.247,Alan’s Apple Watch
2022-01-06 09:30:23,0.247,Alan’s Apple Watch
2022-01-06 09:30:24,0.178,Alan’s Apple Watch
2022-01-06 09:30:25,0.017,Alan’s Apple Watch
2022-01-06 09:30:26,0.017,Alan’s Apple Watch
2022-01-06 09:30:27,0.017,Alan’s Apple Watch
2022-01-06 09:30:28,0.017,Alan’s Apple Watch
2022-01-06 09:30:29,0.017,Alan’s Apple Watch
2022-01-06 09:30:30,0.017,Alan’s Apple Watch
2022-01-06 09:30:31,0.017,Alan’s Apple Watch
2022-01-06 09:30:32,0.017,Alan’s Apple Watch
2022-01-06 09:30:33,0.017,Alan’s Apple Watch
2022-01-06 09:30:34,0.017,Alan’s Apple Watch
2022-01-06 09:30:35,0.017,Alan’s Apple Watch
2022-01-06 09:30:36,0.017,Alan’s Apple Watch
2022-01-06 09:30:37,0.017,Alan’s Apple Watch
2022-01-06 09:30:38,0.017,Alan’s Apple Watch
2022-01-06 09:30:39,0.017,Alan’s Apple Watch
2022-01-06 09:30:40,0.017,Alan’s Apple Watch
2022-01-06 09:30:41,0.017,Alan’s Apple Watch
2022-01-06 09:30:42,0.017,Alan’s Apple Watch
2022-01-06 09:30:43,0.017,Alan’s Apple Watch
2022-01-06 09:30:44,0.017,Alan’s Apple Watch
2022-01-06 09:30:45,0.017,Alan’s Apple Watch
2022-01-06 09:30:46,0.017,Alan’s Apple Watch
2022-01-06 09:30:47,0.017,Alan’s Apple Watch
2022-01-06 09:30:48,0.017,Alan’s Apple Watch
2022-01-06 09:30:49,0.017,Alan’s Apple Watch
2022-01-06 09:30:50,0.017,Alan’s Apple Watch
2022-01-06 09:30:51,0.017,Alan’s Apple Watch
2022-01-06 09:30:52,0.017,Alan’s Apple Watch
2022-01-06 09:30:53,0.017,Alan’s Apple Watch
2022-01-06 09:30:54,0.017,Alan’s Apple Watch
2022-01-06 09:30:55,0.017,Alan’s Apple Watch
2022-01-06 09:30:56,0.017,Alan’s Apple Watch
2022-01-06 09:30:57,0.017,Alan’s Apple Watch
2022-01-06 09:30:58,0.017,Alan’s Apple Watch
2022-01-06 09:30:59,0.017,Alan’s Apple Watch
2022-01-06 09:31:00,0.017,Alan’s Apple Watch
2022-01-06 09:31:01,0.017,Alan’s Apple Watch
2022-01-06 09:31:02,0.017,Alan’s Apple Watch
2022-01-06 09:31:03,0.017,Alan’s Apple Watch
2022-01-06 09:31:04,0.017,Alan’s Apple Watch
2022-01-06 09:31:05,0.017,Alan’s Apple Watch
2022-01-06 09:31:06,0.017,Alan’s Apple Watch
2022-01-06 09:31:07,0.017,Alan’s Apple Watch
2022-01-06 09:31:08,0.017,Alan’s Apple Watch
2022-01-06 09:31:09,0.017,Alan’s Apple Watch
2022-01-06 09:31:10,0.017,Alan’s Apple Watch
2022-01-06 09:31:11,0.017,Alan’s Apple Watch
2022-01-06 09:31:12,0.017,Alan’s Apple Watch
2022-01-06 09:31:13,0.017,Alan’s Apple Watch
2022-01-06 09:31:14,0.017,Alan’s Apple Watch
2022-01-06 09:31:15,0.017,Alan’s Apple Watch
2022-01-06 09:31:16,0.017,Alan’s Apple Watch
2022-01-06 09:31:17,0.017,Alan’s Apple Watch
2022-01-06 09:31:18,0.017,Alan’s Apple Watch
2022-01-06 09:31:19,0.017,Alan’s Apple Watch
2022-01-06 09:31:20,0.017,Alan’s Apple Watch
2022-01-06 09:31:21,0.017,Alan’s Apple Watch
2022-01-06 09:31:22,0.017,Alan’s Apple Watch
2022-01-06 09:31:23,0.017,Alan’s Apple Watch
2022-01-06 09:31:24,0.017,Alan’s Apple Watch
2022-01-06 09:31:25,0.017,Alan’s Apple Watch
2022-01-06 09:31:26,0.017,Alan’s Apple Watch
2022-01-06 09:31:27,0.017,Alan’s Apple Watch
2022-01-06 09:31:28,0.017,Alan’s Apple Watch
2022-01-06 09:31:29,0.017,Alan’s Apple Watch
2022-01-06 09:31:30,0.017,Alan’s Apple Watch
2022-01-06 09:31:31,0.017,Alan’s Apple Watch
2022-01-06 09:31:32,0.017,Alan’s Apple Watch
2022-01-06 09:31:33,0.017,Alan’s Apple Watch
2022-01-06 09:31:34,0.017,Alan’s Apple Watch
2022-01-06 09:31:35,0.017,Alan’s Apple Watch
2022-01-06 09:31:36,0.017,Alan’s Apple Watch
2022-01-06 09:31:37,0.017,Alan’s Apple Watch
2022-01-06 09:31:38,0.017,Alan’s Apple Watch
2022-01-06 09:31:39,0.017,Alan’s Apple Watch
2022-01-06 09:31:40,0.017,Alan’s Apple Watch
2022-01-06 09:31:41,0.017,Alan’s Apple Watch
2022-01-06 09:31:42,0.017,Alan’s Apple Watch
2022-01-06 09:31:43,0.017,Alan’s Apple Watch
2022-01-06 09:31:44,0.017,Alan’s Apple Watch
2022-01-06 09:31:45,0.017,Alan’s Apple Watch
2022-01-06 09:31:46,0.017,Alan’s Apple Watch
2022-01-06 09:31:47,0.017,Alan’s Apple Watch
2022-01-06 09:31:48,0.017,Alan’s Apple Watch
2022-01-06 09:31:49,0.017,Alan’s Apple Watch
2022-01-06 09:31:50,0.017,Alan’s Apple Watch
2022-01-06 09:31:51,0.017,Alan’s Apple Watch
2022-01-06 09:31:52,0.017,Alan’s Apple Watch
2022-01-06 09:31:53,0.017,Alan’s Apple Watch
2022-01-06 09:31:54,0.017,Alan’s Apple Watch
2022-01-06 09:31:55,0.017,Alan’s Apple Watch
2022-01-06 09:31:56,0.017,Alan’s Apple Watch
2022-01-06 09:31:57,0.017,Alan’s Apple Watch
2022-01-06 09:31:58,0.017,Alan’s Apple Watch
2022-01-06 09:31:59,0.017,Alan’s Apple Watch
2022-01-06 09:32:00,0.017,Alan’s Apple Watch
2022-01-06 09:32:01,0.017,Alan’s Apple Watch
2022-01-06 09:32:02,0.017,Alan’s Apple Watch
2022-01-06 09:32:03,0.017,Alan’s Apple Watch
2022-01-06 09:32:04,0.017,Alan’s Apple Watch
2022-01-06 09:32:05,0.017,Alan’s Apple Watch
2022-01-06 09:32:06,0.017,Alan’s Apple Watch
2022-01-06 09:32:07,0.017,Alan’s Apple Watch
2022-01-06 09:32:08,0.017,Alan’s Apple Watch
2022-01-06 09:32:09,0.017,Alan’s Apple Watch
2022-01-06 09:32:10,0.017,Alan’s Apple Watch
2022-01-06 09:32:11,0.017,Alan’s Apple Watch
2022-01-06 09:32:12,0.017,Alan’s Apple Watch
2022-01-06 09:32:13,0.017,Alan’s Apple Watch
2022-01-06 09:32:14,0.017,Alan’s Apple Watch
2022-01-06 09:32:15,0.017,Alan’s Apple Watch
2022-01-06 09:32:16,0.017,Alan’s Apple Watch
2022-01-06 09:32:17,0.017,Alan’s Apple Watch
2022-01-06 09:32:18,0.017,Alan’s Apple Watch
2022-01-06 09:32:19,0.017,Alan’s Apple Watch
2022-01-06 09:32:20,0.017,Alan’s Apple Watch
2022-01-06 09:32:21,0.017,Alan’s Apple Watch
2022-01-06 09:32:22,0.017,Alan’s Apple Watch
2022-01-06 09:32:23,0.017,Alan’s Apple Watch
2022-01-06 09:32:24,0.017,Alan’s Apple Watch
2022-01-06 09:32:25,0.017,Alan’s Apple Watch
2022-01-06 09:32:26,0.017,Alan’s Apple Watch
2022-01-06 09:32:27,0.017,Alan’s Apple Watch
2022-01-06 09:32:28,0.017,Alan’s Apple Watch
2022-01-06 09:32:29,0.017,Alan’s Apple Watch
2022-01-06 09:32:30,0.017,Alan’s Apple Watch
2022-01-06 09:32:31,0.017,Alan’s Apple Watch
2022-01-06 09:32:32,0.017,Alan’s Apple Watch
2022-01-06 09:32:33,0.017,Alan’s Apple Watch
2022-01-06 09:32:34,0.017,Alan’s Apple Watch
2022-01-06 09:32:35,0.017,Alan’s Apple Watch
2022-01-06 09:32:36,0.017,Alan’s Apple Watch
2022-01-06 09:32:37,0.017,Alan’s Apple Watch
2022-01-06 09:32:38,0.017,Alan’s Apple Watch
2022-01-06 09:32:39,0.017,Alan’s Apple Watch
2022-01-06 09:32:40,0.017,Alan’s Apple Watch
2022-01-06 09:32:41,0.017,Alan’s Apple Watch
2022-01-06 09:32:42,0.017,Alan’s Apple Watch
2022-01-06 09:32:43,0.017,Alan’s Apple Watch
2022-01-06 09:32:44,0.017,Alan’s Apple Watch
2022-01-06 09:32:45,0.017,Alan’s Apple Watch
2022-01-06 09:32:46,0.017,Alan’s Apple Watch
2022-01-06 09:32:47,0.017,Alan’s Apple Watch
2022-01-06 09:32:48,0.017,Alan’s Apple Watch
2022-01-06 09:32:49,0.017,Alan’s Apple Watch
2022-01-06 09:32:50,0.017,Alan’s Apple Watch
2022-01-06 09:32:51,0.017,Alan’s Apple Watch
2022-01-06 09:32:52,0.017,Alan’s Apple Watch
2022-01-06 09:32:53,0.017,Alan’s Apple Watch
2022-01-06 09:32:54,0.017,Alan’s Apple Watch
2022-01-06 09:32:55,0.017,Alan’s Apple Watch
2022-01-06 09:32:56,0.017,Alan’s Apple Watch
2022-01-06 09:32:57,0.017,Alan’s Apple Watch
2022-01-06 09:32:58,0.017,Alan’s Apple Watch
2022-01-06 09:32:59,0.017,Alan’s Apple Watch
2022-01-06 09:33:00,0.017,Alan’s Apple Watch
2022-01-06 09:33:01,0.017,Alan’s Apple Watch
2022-01-06 09:33:02,0.017,Alan’s Apple Watch
2022-01-06 09:33:03,0.017,Alan’s Apple Watch
2022-01-06 09:33:04,0.017,Alan’s Apple Watch
2022-01-06 09:33:05,0.017,Alan’s Apple Watch
2022-01-06 09:33:06,0.017,Alan’s Apple Watch
2022-01-06 09:33:07,0.017,Alan’s Apple Watch
2022-01-06 09:33:08,0.017,Alan’s Apple Watch
2022-01-06 09:33:09,0.017,Alan’s Apple Watch
2022-01-06 09:33:10,0.017,Alan’s Apple Watch
2022-01-06 09:33:11,0.017,Alan’s Apple Watch
2022-01-06 09:33:12,0.017,Alan’s Apple Watch
2022-01-06 09:33:13,0.017,Alan’s Apple Watch
2022-01-06 09:33:14,0.017,Alan’s Apple Watch
2022-01-06 09:33:15,0.017,Alan’s Apple Watch
2022-01-06 09:33:16,0.017,Alan’s Apple Watch
2022-01-06 09:33:17,0.017,Alan’s Apple Watch
2022-01-06 09:33:18,0.017,Alan’s Apple Watch
2022-01-06 09:33:19,0.017,Alan’s Apple Watch
2022-01-06 09:33:20,0.017,Alan’s Apple Watch
2022-01-06 09:33:21,0.017,Alan’s Apple Watch
2022-01-06 09:33:22,0.017,Alan’s Apple Watch
2022-01-06 09:33:23,0.017,Alan’s Apple Watch
2022-01-06 09:33:24,0.017,Alan’s Apple Watch
2022-01-06 09:33:25,0.017,Alan’s Apple Watch
2022-01-06 09:33:26,0.017,Alan’s Apple Watch
2022-01-06 09:33:27,0.017,Alan’s Apple Watch
2022-01-06 09:33:28,0.017,Alan’s Apple Watch
2022-01-06 09:33:29,0.017,Alan’s Apple Watch
2022-01-06 09:33:30,0.017,Alan’s Apple Watch
2022-01-06 09:33:31,0.017,Alan’s Apple Watch
2022-01-06 09:33:32,0.017,Alan’s Apple Watch
2022-01-06 09:33:33,0.017,Alan’s Apple Watch
2022-01-06 09:33:34,0.017,Alan’s Apple Watch
2022-01-06 09:33:35,0.017,Alan’s Apple Watch
2022-01-06 09:33:36,0.017,Alan’s Apple Watch
2022-01-06 09:33:37,0.017,Alan’s Apple Watch
2022-01-06 09:33:38,0.017,Alan’s Apple Watch
2022-01-06 09:33:39,0.017,Alan’s Apple Watch
2022-01-06 09:33:40,0.017,Alan’s Apple Watch
2022-01-06 09:33:41,0.017,Alan’s Apple Watch
2022-01-06 09:33:42,0.017,Alan’s Apple Watch
2022-01-06 09:33:43,0.017,Alan’s Apple Watch
2022-01-06 09:33:44,0.017,Alan’s Apple Watch
2022-01-06 09:33:45,0.017,Alan’s Apple Watch
2022-01-06 09:33:46,0.017,Alan’s Apple Watch
2022-01-06 09:33:47,0.017,Alan’s Apple Watch
2022-01-06 09:33:48,0.017,Alan’s Apple Watch
2022-01-06 09:33:49,0.017,Alan’s Apple Watch
2022-01-06 09:33:50,0.017,Alan’s Apple Watch
2022-01-06 09:33:51,0.017,Alan’s Apple Watch
2022-01-06 09:33:52,0.017,Alan’s Apple Watch
2022-01-06 09:33:53,0.017,Alan’s Apple Watch
2022-01-06 09:33:54,0.017,Alan’s Apple Watch
2022-01-06 09:33:55,0.017,Alan’s Apple Watch
2022-01-06 09:33:56,0.017,Alan’s Apple Watch
2022-01-06 09:33:57,0.017,Alan’s Apple Watch
2022-01-06 09:33:58,0.017,Alan’s Apple Watch
2022-01-06 09:33:59,0.017,Alan’s Apple Watch
2022-01-06 09:34:00,0.017,Alan’s Apple Watch
2022-01-06 09:34:01,0.017,Alan’s Apple Watch
2022-01-06 09:34:02,0.017,Alan’s Apple Watch
2022-01-06 09:34:03,0.017,Alan’s Apple Watch
2022-01-06 09:34:04,0.017,Alan’s Apple Watch
2022-01-06 09:34:05,0.017,Alan’s Apple Watch
2022-01-06 09:34:06,0.017,Alan’s Apple Watch
2022-01-06 09:34:07,0.017,Alan’s Apple Watch
2022-01-06 09:34:08,0.017,Alan’s Apple Watch
2022-01-06 09:34:09,0.017,Alan’s Apple Watch
2022-01-06 09:34:10,0.017,Alan’s Apple Watch
2022-01-06 09:34:11,0.017,Alan’s Apple Watch
2022-01-06 09:34:12,0.017,Alan’s Apple Watch
2022-01-06 09:34:13,0.017,Alan’s Apple Watch
2022-01-06 09:34:14,0.017,Alan’s Apple Watch
2022-01-06 09:34:15,0.017,Alan’s Apple Watch
2022-01-06 09:34:16,0.017,Alan’s Apple Watch
2022-01-06 09:34:17,0.017,Alan’s Apple Watch
2022-01-06 09:34:18,0.081,Alan’s Apple Watch
2022-01-06 09:34:19,0.18,Alan’s Apple Watch
2022-01-06 09:34:20,0.18,Alan’s Apple Watch
2022-01-06 09:34:21,0.23,Alan’s Apple Watch
2022-01-06 09:34:22,0.24,Alan’s Apple Watch
2022-01-06 09:34:23,0.24,Alan’s Apple Watch
2022-01-06 09:34:24,0.239,Alan’s Apple Watch
2022-01-06 09:34:25,0.239,Alan’s Apple Watch
2022-01-06 09:34:26,0.24,Alan’s Apple Watch
2022-01-06 09:34:27,0.24,Alan’s Apple Watch
2022-01-06 09:34:28,0.24,Alan’s Apple Watch
2022-01-06 09:34:29,0.24,Alan’s Apple Watch
2022-01-06 09:34:30,0.24,Alan’s Apple Watch
2022-01-06 09:34:31,0.207,Alan’s Apple Watch
2022-01-06 09:34:32,0.18,Alan’s Apple Watch
2022-01-06 09:34:33,0.18,Alan’s Apple Watch
2022-01-06 09:34:34,0.181,Alan’s Apple Watch
2022-01-06 09:34:35,0.181,Alan’s Apple Watch
2022-01-06 09:34:36,0.18,Alan’s Apple Watch
2022-01-06 09:34:37,0.179,Alan’s Apple Watch
2022-01-06 09:34:38,0.179,Alan’s Apple Watch
2022-01-06 09:34:39,0.179,Alan’s Apple Watch
2022-01-06 09:34:40,0.179,Alan’s Apple Watch
2022-01-06 09:34:41,0.179,Alan’s Apple Watch
2022-01-06 09:34:42,0.179,Alan’s Apple Watch
2022-01-06 09:34:43,0.179,Alan’s Apple Watch
2022-01-06 09:34:44,0.179,Alan’s Apple Watch
2022-01-06 09:34:45,0.179,Alan’s Apple Watch
2022-01-06 09:34:46,0.159,Alan’s Apple Watch
2022-01-06 09:34:47,0.017,Alan’s Apple Watch
2022-01-06 09:34:48,0.017,Alan’s Apple Watch
2022-01-06 09:34:49,0.017,Alan’s Apple Watch
2022-01-06 09:34:50,0.017,Alan’s Apple Watch
2022-01-06 09:34:51,0.017,Alan’s Apple Watch
2022-01-06 09:34:52,0.017,Alan’s Apple Watch
2022-01-06 09:34:53,0.017,Alan’s Apple Watch
2022-01-06 09:34:54,0.017,Alan’s Apple Watch
2022-01-06 09:34:55,0.017,Alan’s Apple Watch
2022-01-06 09:34:56,0.017,Alan’s Apple Watch
2022-01-06 09:34:57,0.017,Alan’s Apple Watch
2022-01-06 09:34:58,0.017,Alan’s Apple Watch
2022-01-06 09:34:59,0.079,Alan’s Apple Watch
2022-01-06 09:35:00,0.241,Alan’s Apple Watch
2022-01-06 09:35:01,0.241,Alan’s Apple Watch
2022-01-06 09:35:02,0.241,Alan’s Apple Watch
2022-01-06 09:35:03,0.241,Alan’s Apple Watch
2022-01-06 09:35:04,0.241,Alan’s Apple Watch
2022-01-06 09:35:05,0.241,Alan’s Apple Watch
2022-01-06 09:35:06,0.241,Alan’s Apple Watch
2022-01-06 09:35:07,0.24,Alan’s Apple Watch
2022-01-06 09:35:08,0.24,Alan’s Apple Watch
2022-01-06 09:35:09,0.241,Alan’s Apple Watch
2022-01-06 09:35:10,0.182,Alan’s Apple Watch
2022-01-06 09:35:11,0.183,Alan’s Apple Watch
2022-01-06 09:35:12,0.183,Alan’s Apple Watch
2022-01-06 09:35:13,0.183,Alan’s Apple Watch
2022-01-06 09:35:14,0.183,Alan’s Apple Watch
2022-01-06 09:35:15,0.186,Alan’s Apple Watch
2022-01-06 09:35:16,0.187,Alan’s Apple Watch
2022-01-06 09:35:17,0.187,Alan’s Apple Watch
2022-01-06 09:35:18,0.187,Alan’s Apple Watch
2022-01-06 09:35:19,0.187,Alan’s Apple Watch
2022-01-06 09:35:20,0.233,Alan’s Apple Watch
2022-01-06 09:35:21,0.253,Alan’s Apple Watch
2022-01-06 09:35:22,0.253,Alan’s Apple Watch
2022-01-06 09:35:23,0.252,Alan’s Apple Watch
2022-01-06 09:35:24,0.252,Alan’s Apple Watch
2022-01-06 09:35:25,0.252,Alan’s Apple Watch
2022-01-06 09:35:26,0.252,Alan’s Apple Watch
2022-01-06 09:35:27,0.252,Alan’s Apple Watch
2022-01-06 09:35:28,0.183,Alan’s Apple Watch
2022-01-06 09:35:29,0.183,Alan’s Apple Watch
2022-01-06 09:35:30,0.183,Alan’s Apple Watch
2022-01-06 09:35:31,0.183,Alan’s Apple Watch
2022-01-06 09:35:32,0.183,Alan’s Apple Watch
2022-01-06 09:35:33,0.183,Alan’s Apple Watch
2022-01-06 09:35:34,0.183,Alan’s Apple Watch
2022-01-06 09:35:35,0.174,Alan’s Apple Watch
2022-01-06 09:35:36,0.153,Alan’s Apple Watch
2022-01-06 09:35:37,0.153,Alan’s Apple Watch
2022-01-06 09:35:38,0.154,Alan’s Apple Watch
2022-01-06 09:35:39,0.154,Alan’s Apple Watch
2022-01-06 09:35:40,0.154,Alan’s Apple Watch
2022-01-06 09:35:41,0.154,Alan’s Apple Watch
2022-01-06 09:35:42,0.154,Alan’s Apple Watch
2022-01-06 09:35:43,0.206,Alan’s Apple Watch
2022-01-06 09:35:44,0.243,Alan’s Apple Watch
2022-01-06 09:35:45,0.241,Alan’s Apple Watch
2022-01-06 09:35:46,0.245,Alan’s Apple Watch
2022-01-06 09:35:47,0.243,Alan’s Apple Watch
2022-01-06 09:35:48,0.241,Alan’s Apple Watch
2022-01-06 09:35:49,0.24,Alan’s Apple Watch
2022-01-06 09:35:50,0.24,Alan’s Apple Watch
2022-01-06 09:35:51,0.24,Alan’s Apple Watch
2022-01-06 09:35:52,0.24,Alan’s Apple Watch
2022-01-06 09:35:53,0.24,Alan’s Apple Watch
2022-01-06 09:35:54,0.24,Alan’s Apple Watch
2022-01-06 09:35:55,0.24,Alan’s Apple Watch
2022-01-06 09:35:56,0.235,Alan’s Apple Watch
2022-01-06 09:35:57,0.234,Alan’s Apple Watch
2022-01-06 09:35:58,0.234,Alan’s Apple Watch
2022-01-06 09:35:59,0.234,Alan’s Apple Watch
2022-01-06 09:36:00,0.234,Alan’s Apple Watch
2022-01-06 09:36:01,0.233,Alan’s Apple Watch
2022-01-06 09:36:02,0.233,Alan’s Apple Watch
2022-01-06 09:36:03,0.233,Alan’s Apple Watch
2022-01-06 09:36:04,0.233,Alan’s Apple Watch
2022-01-06 09:36:05,0.233,Alan’s Apple Watch
2022-01-06 09:36:06,0.136,Alan’s Apple Watch
2022-01-06 09:36:07,0.017,Alan’s Apple Watch
2022-01-06 09:36:08,0.017,Alan’s Apple Watch
2022-01-06 09:36:09,0.017,Alan’s Apple Watch
2022-01-06 09:36:10,0.017,Alan’s Apple Watch
2022-01-06 09:36:11,0.017,Alan’s Apple Watch
2022-01-06 09:36:12,0.017,Alan’s Apple Watch
2022-01-06 09:36:13,0.017,Alan’s Apple Watch
2022-01-06 09:36:14,0.017,Alan’s Apple Watch
2022-01-06 09:36:15,0.017,Alan’s Apple Watch
2022-01-06 09:36:16,0.017,Alan’s Apple Watch
2022-01-06 09:36:17,0.017,Alan’s Apple Watch
2022-01-06 09:36:18,0.017,Alan’s Apple Watch
2022-01-06 09:36:19,0.017,Alan’s Apple Watch
2022-01-06 09:36:20,0.017,Alan’s Apple Watch
2022-01-06 09:36:21,0.017,Alan’s Apple Watch
2022-01-06 09:36:22,0.017,Alan’s Apple Watch
2022-01-06 09:36:23,0.017,Alan’s Apple Watch
2022-01-06 09:36:24,0.017,Alan’s Apple Watch
2022-01-06 09:36:25,0.017,Alan’s Apple Watch
2022-01-06 09:36:26,0.017,Alan’s Apple Watch
2022-01-06 09:36:27,0.017,Alan’s Apple Watch
2022-01-06 09:36:28,0.017,Alan’s Apple Watch
2022-01-06 09:36:29,0.017,Alan’s Apple Watch
2022-01-06 09:36:30,0.017,Alan’s Apple Watch
2022-01-06 09:36:31,0.017,Alan’s Apple Watch
2022-01-06 09:36:32,0.017,Alan’s Apple Watch
2022-01-06 09:36:33,0.017,Alan’s Apple Watch
2022-01-06 09:36:34,0.017,Alan’s Apple Watch
2022-01-06 09:36:35,0.017,Alan’s Apple Watch
2022-01-06 09:36:36,0.017,Alan’s Apple Watch
2022-01-06 09:36:37,0.017,Alan’s Apple Watch
2022-01-06 09:36:38,0.017,Alan’s Apple Watch
2022-01-06 09:36:39,0.017,Alan’s Apple Watch
2022-01-06 09:36:40,0.017,Alan’s Apple Watch
2022-01-06 09:36:41,0.017,Alan’s Apple Watch
2022-01-06 09:36:42,0.017,Alan’s Apple Watch
2022-01-06 09:36:43,0.017,Alan’s Apple Watch
2022-01-06 09:36:44,0.017,Alan’s Apple Watch
2022-01-06 09:36:45,0.017,Alan’s Apple Watch
2022-01-06 09:36:46,0.017,Alan’s Apple Watch
2022-01-06 09:36:47,0.017,Alan’s Apple Watch
2022-01-06 09:36:48,0.017,Alan’s Apple Watch
2022-01-06 09:36:49,0.017,Alan’s Apple Watch
2022-01-06 09:36:50,0.017,Alan’s Apple Watch
2022-01-06 09:36:51,0.017,Alan’s Apple Watch
2022-01-06 09:36:52,0.017,Alan’s Apple Watch
2022-01-06 09:36:53,0.017,Alan’s Apple Watch
2022-01-06 09:36:54,0.017,Alan’s Apple Watch
2022-01-06 09:36:55,0.017,Alan’s Apple Watch
2022-01-06 09:36:56,0.017,Alan’s Apple Watch
2022-01-06 09:36:57,0.017,Alan’s Apple Watch
2022-01-06 09:36:58,0.017,Alan’s Apple Watch
2022-01-06 09:36:59,0.017,Alan’s Apple Watch
2022-01-06 09:37:00,0.017,Alan’s Apple Watch
2022-01-06 09:37:01,0.017,Alan’s Apple Watch
2022-01-06 09:37:02,0.017,Alan’s Apple Watch
2022-01-06 09:37:03,0.017,Alan’s Apple Watch
2022-01-06 09:37:04,0.017,Alan’s Apple Watch
2022-01-06 09:37:05,0.017,Alan’s Apple Watch
2022-01-06 09:37:06,0.017,Alan’s Apple Watch
2022-01-06 09:37:07,0.017,Alan’s Apple Watch
2022-01-06 09:37:08,0.109,Alan’s Apple Watch
2022-01-06 09:37:09,0.138,Alan’s Apple Watch
2022-01-06 09:37:10,0.138,Alan’s Apple Watch
2022-01-06 09:37:11,0.138,Alan’s Apple Watch
2022-01-06 09:37:12,0.138,Alan’s Apple Watch
2022-01-06 09:37:13,0.138,Alan’s Apple Watch
2022-01-06 09:37:14,0.138,Alan’s Apple Watch
2022-01-06 09:37:15,0.138,Alan’s Apple Watch
2022-01-06 09:37:16,0.138,Alan’s Apple Watch
2022-01-06 09:37:17,0.138,Alan’s Apple Watch
2022-01-06 09:37:18,0.138,Alan’s Apple Watch
2022-01-06 09:37:19,0.138,Alan’s Apple Watch
2022-01-06 09:37:20,0.138,Alan’s Apple Watch
2022-01-06 09:37:21,0.138,Alan’s Apple Watch
2022-01-06 09:37:22,0.138,Alan’s Apple Watch
2022-01-06 09:37:23,0.138,Alan’s Apple Watch
2022-01-06 09:37:24,0.138,Alan’s Apple Watch
2022-01-06 09:37:25,0.138,Alan’s Apple Watch
2022-01-06 09:37:26,0.138,Alan’s Apple Watch
2022-01-06 09:37:27,0.138,Alan’s Apple Watch
2022-01-06 09:37:28,0.114,Alan’s Apple Watch
2022-01-06 09:37:29,0.017,Alan’s Apple Watch
2022-01-06 09:37:30,0.017,Alan’s Apple Watch
2022-01-06 09:37:31,0.017,Alan’s Apple Watch
2022-01-06 09:37:32,0.017,Alan’s Apple Watch
2022-01-06 09:37:33,0.017,Alan’s Apple Watch
2022-01-06 09:37:34,0.017,Alan’s Apple Watch
2022-01-06 09:37:35,0.017,Alan’s Apple Watch
2022-01-06 09:37:36,0.017,Alan’s Apple Watch
2022-01-06 09:37:37,0.017,Alan’s Apple Watch
2022-01-06 09:37:38,0.017,Alan’s Apple Watch
2022-01-06 09:37:39,0.017,Alan’s Apple Watch
2022-01-06 09:37:40,0.017,Alan’s Apple Watch
2022-01-06 09:37:41,0.017,Alan’s Apple Watch
2022-01-06 09:37:42,0.017,Alan’s Apple Watch
2022-01-06 09:37:43,0.017,Alan’s Apple Watch
2022-01-06 09:37:44,0.143,Alan’s Apple Watch
2022-01-06 09:37:45,0.179,Alan’s Apple Watch
2022-01-06 09:37:46,0.179,Alan’s Apple Watch
2022-01-06 09:37:47,0.179,Alan’s Apple Watch
2022-01-06 09:37:48,0.179,Alan’s Apple Watch
2022-01-06 09:37:49,0.179,Alan’s Apple Watch
2022-01-06 09:37:50,0.179,Alan’s Apple Watch
2022-01-06 09:37:51,0.179,Alan’s Apple Watch
2022-01-06 09:37:52,0.179,Alan’s Apple Watch
2022-01-06 09:37:53,0.179,Alan’s Apple Watch
2022-01-06 09:37:54,0.179,Alan’s Apple Watch
2022-01-06 09:37:55,0.179,Alan’s Apple Watch
2022-01-06 09:37:56,0.179,Alan’s Apple Watch
2022-01-06 09:37:57,0.029,Alan’s Apple Watch
2022-01-06 09:37:58,0.017,Alan’s Apple Watch
2022-01-06 09:37:59,0.017,Alan’s Apple Watch
2022-01-06 09:38:00,0.017,Alan’s Apple Watch
2022-01-06 09:38:01,0.017,Alan’s Apple Watch
2022-01-06 09:38:02,0.017,Alan’s Apple Watch
2022-01-06 09:38:03,0.017,Alan’s Apple Watch
2022-01-06 09:38:04,0.017,Alan’s Apple Watch
2022-01-06 09:38:05,0.017,Alan’s Apple Watch
2022-01-06 09:38:06,0.017,Alan’s Apple Watch
2022-01-06 09:38:07,0.017,Alan’s Apple Watch
2022-01-06 09:38:08,0.017,Alan’s Apple Watch
2022-01-06 09:38:09,0.017,Alan’s Apple Watch
2022-01-06 09:38:10,0.017,Alan’s Apple Watch
2022-01-06 09:38:11,0.017,Alan’s Apple Watch
2022-01-06 09:38:12,0.017,Alan’s Apple Watch
2022-01-06 09:38:13,0.017,Alan’s Apple Watch
2022-01-06 09:38:14,0.017,Alan’s Apple Watch
2022-01-06 09:38:15,0.017,Alan’s Apple Watch
2022-01-06 09:38:16,0.017,Alan’s Apple Watch
2022-01-06 09:38:17,0.076,Alan’s Apple Watch
2022-01-06 09:38:18,0.179,Alan’s Apple Watch
2022-01-06 09:38:19,0.179,Alan’s Apple Watch
2022-01-06 09:38:20,0.179,Alan’s Apple Watch
2022-01-06 09:38:21,0.179,Alan’s Apple Watch
2022-01-06 09:38:22,0.179,Alan’s Apple Watch
2022-01-06 09:38:23,0.179,Alan’s Apple Watch
2022-01-06 09:38:24,0.179,Alan’s Apple Watch
2022-01-06 09:38:25,0.179,Alan’s Apple Watch
2022-01-06 09:38:26,0.179,Alan’s Apple Watch
2022-01-06 09:38:27,0.165,Alan’s Apple Watch
2022-01-06 09:38:28,0.017,Alan’s Apple Watch
2022-01-06 09:38:29,0.017,Alan’s Apple Watch
2022-01-06 09:38:30,0.017,Alan’s Apple Watch
2022-01-06 09:38:31,0.017,Alan’s Apple Watch
2022-01-06 09:38:32,0.017,Alan’s Apple Watch
2022-01-06 09:38:33,0.017,Alan’s Apple Watch
2022-01-06 09:38:34,0.017,Alan’s Apple Watch
2022-01-06 09:38:35,0.017,Alan’s Apple Watch
2022-01-06 09:38:36,0.017,Alan’s Apple Watch
2022-01-06 09:38:37,0.017,Alan’s Apple Watch
2022-01-06 09:38:38,0.017,Alan’s Apple Watch
2022-01-06 09:38:39,0.017,Alan’s Apple Watch
2022-01-06 09:38:40,0.017,Alan’s Apple Watch
2022-01-06 09:38:41,0.017,Alan’s Apple Watch
2022-01-06 09:38:42,0.017,Alan’s Apple Watch
2022-01-06 09:38:43,0.017,Alan’s Apple Watch
2022-01-06 09:38:44,0.017,Alan’s Apple Watch
2022-01-06 09:38:45,0.017,Alan’s Apple Watch
2022-01-06 09:38:46,0.017,Alan’s Apple Watch
2022-01-06 09:38:47,0.017,Alan’s Apple Watch
2022-01-06 09:38:48,0.1,Alan’s Apple Watch
2022-01-06 09:38:49,0.178,Alan’s Apple Watch
2022-01-06 09:38:50,0.178,Alan’s Apple Watch
2022-01-06 09:38:51,0.178,Alan’s Apple Watch
2022-01-06 09:38:52,0.178,Alan’s Apple Watch
2022-01-06 09:38:53,0.178,Alan’s Apple Watch
2022-01-06 09:38:54,0.178,Alan’s Apple Watch
2022-01-06 09:38:55,0.178,Alan’s Apple Watch
2022-01-06 09:38:56,0.178,Alan’s Apple Watch
2022-01-06 09:38:57,0.178,Alan’s Apple Watch
2022-01-06 09:38:58,0.14,Alan’s Apple Watch
2022-01-06 09:38:59,0.017,Alan’s Apple Watch
2022-01-06 09:39:00,0.017,Alan’s Apple Watch
2022-01-06 09:39:01,0.017,Alan’s Apple Watch
2022-01-06 09:39:02,0.017,Alan’s Apple Watch
2022-01-06 09:39:03,0.017,Alan’s Apple Watch
2022-01-06 09:39:04,0.017,Alan’s Apple Watch
2022-01-06 09:39:05,0.017,Alan’s Apple Watch
2022-01-06 09:39:06,0.017,Alan’s Apple Watch
2022-01-06 09:39:07,0.017,Alan’s Apple Watch
2022-01-06 09:39:08,0.017,Alan’s Apple Watch
2022-01-06 09:39:09,0.017,Alan’s Apple Watch
2022-01-06 09:39:10,0.017,Alan’s Apple Watch
2022-01-06 09:39:11,0.017,Alan’s Apple Watch
2022-01-06 09:39:12,0.017,Alan’s Apple Watch
2022-01-06 09:39:13,0.017,Alan’s Apple Watch
2022-01-06 09:39:14,0.017,Alan’s Apple Watch
2022-01-06 09:39:15,0.017,Alan’s Apple Watch
2022-01-06 09:39:16,0.057,Alan’s Apple Watch
2022-01-06 09:39:17,0.181,Alan’s Apple Watch
2022-01-06 09:39:18,0.181,Alan’s Apple Watch
2022-01-06 09:39:19,0.181,Alan’s Apple Watch
2022-01-06 09:39:20,0.181,Alan’s Apple Watch
2022-01-06 09:39:21,0.181,Alan’s Apple Watch
2022-01-06 09:39:22,0.182,Alan’s Apple Watch
2022-01-06 09:39:23,0.182,Alan’s Apple Watch
2022-01-06 09:39:24,0.181,Alan’s Apple Watch
2022-01-06 09:39:25,0.181,Alan’s Apple Watch
2022-01-06 09:39:26,0.181,Alan’s Apple Watch
2022-01-06 09:39:27,0.023,Alan’s Apple Watch
2022-01-06 09:39:28,0.017,Alan’s Apple Watch
2022-01-06 09:39:29,0.017,Alan’s Apple Watch
2022-01-06 09:39:30,0.017,Alan’s Apple Watch
2022-01-06 09:39:31,0.017,Alan’s Apple Watch
2022-01-06 09:39:32,0.017,Alan’s Apple Watch
2022-01-06 09:39:33,0.017,Alan’s Apple Watch
2022-01-06 09:39:34,0.017,Alan’s Apple Watch
2022-01-06 09:39:35,0.017,Alan’s Apple Watch
2022-01-06 09:39:36,0.017,Alan’s Apple Watch
2022-01-06 09:39:37,0.017,Alan’s Apple Watch
2022-01-06 09:39:38,0.017,Alan’s Apple Watch
2022-01-06 09:39:39,0.017,Alan’s Apple Watch
2022-01-06 09:39:40,0.017,Alan’s Apple Watch
2022-01-06 09:39:41,0.017,Alan’s Apple Watch
2022-01-06 09:39:42,0.017,Alan’s Apple Watch
2022-01-06 09:39:43,0.017,Alan’s Apple Watch
2022-01-06 09:39:44,0.017,Alan’s Apple Watch
2022-01-06 09:39:45,0.184,Alan’s Apple Watch
2022-01-06 09:39:46,0.189,Alan’s Apple Watch
2022-01-06 09:39:47,0.189,Alan’s Apple Watch
2022-01-06 09:39:48,0.189,Alan’s Apple Watch
2022-01-06 09:39:49,0.189,Alan’s Apple Watch
2022-01-06 09:39:50,0.189,Alan’s Apple Watch
2022-01-06 09:39:51,0.189,Alan’s Apple Watch
2022-01-06 09:39:52,0.189,Alan’s Apple Watch
2022-01-06 09:39:53,0.189,Alan’s Apple Watch
2022-01-06 09:39:54,0.189,Alan’s Apple Watch
2022-01-06 09:39:55,0.07,Alan’s Apple Watch
2022-01-06 09:39:56,0.017,Alan’s Apple Watch
2022-01-06 09:39:57,0.017,Alan’s Apple Watch
2022-01-06 09:39:58,0.017,Alan’s Apple Watch
2022-01-06 09:39:59,0.017,Alan’s Apple Watch
2022-01-06 09:40:00,0.017,Alan’s Apple Watch
2022-01-06 09:40:01,0.017,Alan’s Apple Watch
2022-01-06 09:40:02,0.017,Alan’s Apple Watch
2022-01-06 09:40:03,0.017,Alan’s Apple Watch
2022-01-06 09:40:04,0.017,Alan’s Apple Watch
2022-01-06 09:40:05,0.017,Alan’s Apple Watch
2022-01-06 09:40:06,0.017,Alan’s Apple Watch
2022-01-06 09:40:07,0.017,Alan’s Apple Watch
2022-01-06 09:40:08,0.017,Alan’s Apple Watch
2022-01-06 09:40:09,0.017,Alan’s Apple Watch
2022-01-06 09:40:10,0.017,Alan’s Apple Watch
2022-01-06 09:40:11,0.017,Alan’s Apple Watch
2022-01-06 09:40:12,0.017,Alan’s Apple Watch
2022-01-06 09:40:13,0.017,Alan’s Apple Watch
2022-01-06 09:40:14,0.017,Alan’s Apple Watch
2022-01-06 09:40:15,0.017,Alan’s Apple Watch
2022-01-06 09:40:16,0.017,Alan’s Apple Watch
2022-01-06 09:40:17,0.017,Alan’s Apple Watch
2022-01-06 09:40:18,0.017,Alan’s Apple Watch
2022-01-06 09:40:19,0.017,Alan’s Apple Watch
2022-01-06 09:40:20,0.017,Alan’s Apple Watch
2022-01-06 09:40:21,0.017,Alan’s Apple Watch
2022-01-06 09:40:22,0.017,Alan’s Apple Watch
2022-01-06 09:40:23,0.017,Alan’s Apple Watch
2022-01-06 09:40:24,0.017,Alan’s Apple Watch
2022-01-06 09:40:25,0.017,Alan’s Apple Watch
2022-01-06 09:40:26,0.017,Alan’s Apple Watch
2022-01-06 09:40:27,0.017,Alan’s Apple Watch
2022-01-06 09:40:28,0.017,Alan’s Apple Watch
2022-01-06 09:40:29,0.017,Alan’s Apple Watch
2022-01-06 09:40:30,0.017,Alan’s Apple Watch
2022-01-06 09:40:31,0.017,Alan’s Apple Watch
2022-01-06 09:40:32,0.017,Alan’s Apple Watch
2022-01-06 09:40:33,0.017,Alan’s Apple Watch
2022-01-06 09:40:34,0.017,Alan’s Apple Watch
2022-01-06 09:40:35,0.017,Alan’s Apple Watch
2022-01-06 09:40:36,0.017,Alan’s Apple Watch
2022-01-06 09:40:37,0.017,Alan’s Apple Watch
2022-01-06 09:40:38,0.017,Alan’s Apple Watch
2022-01-06 09:40:39,0.017,Alan’s Apple Watch
2022-01-06 09:40:40,0.017,Alan’s Apple Watch
2022-01-06 09:40:41,0.085,Alan’s Apple Watch
2022-01-06 09:40:42,0.177,Alan’s Apple Watch
2022-01-06 09:40:43,0.177,Alan’s Apple Watch
2022-01-06 09:40:44,0.177,Alan’s Apple Watch
2022-01-06 09:40:45,0.177,Alan’s Apple Watch
2022-01-06 09:40:46,0.177,Alan’s Apple Watch
2022-01-06 09:40:47,0.177,Alan’s Apple Watch
2022-01-06 09:40:48,0.177,Alan’s Apple Watch
2022-01-06 09:40:49,0.177,Alan’s Apple Watch
2022-01-06 09:40:50,0.177,Alan’s Apple Watch
2022-01-06 09:40:51,0.177,Alan’s Apple Watch
2022-01-06 09:40:52,0.177,Alan’s Apple Watch
2022-01-06 09:40:53,0.177,Alan’s Apple Watch
2022-01-06 09:40:54,0.085,Alan’s Apple Watch
2022-01-06 09:40:55,0.017,Alan’s Apple Watch
2022-01-06 09:40:56,0.017,Alan’s Apple Watch
2022-01-06 09:40:57,0.017,Alan’s Apple Watch
2022-01-06 09:40:58,0.017,Alan’s Apple Watch
2022-01-06 09:40:59,0.017,Alan’s Apple Watch
2022-01-06 09:41:00,0.017,Alan’s Apple Watch
2022-01-06 09:41:01,0.017,Alan’s Apple Watch
2022-01-06 09:41:02,0.017,Alan’s Apple Watch
2022-01-06 09:41:03,0.017,Alan’s Apple Watch
2022-01-06 09:41:04,0.017,Alan’s Apple Watch
2022-01-06 09:41:05,0.017,Alan’s Apple Watch
2022-01-06 09:41:06,0.017,Alan’s Apple Watch
2022-01-06 09:41:07,0.017,Alan’s Apple Watch
2022-01-06 09:41:08,0.017,Alan’s Apple Watch
2022-01-06 09:41:09,0.017,Alan’s Apple Watch
2022-01-06 09:41:10,0.017,Alan’s Apple Watch
2022-01-06 09:41:11,0.017,Alan’s Apple Watch
2022-01-06 09:41:12,0.017,Alan’s Apple Watch
2022-01-06 09:41:13,0.017,Alan’s Apple Watch
2022-01-06 09:41:14,0.017,Alan’s Apple Watch
2022-01-06 09:41:15,0.017,Alan’s Apple Watch
2022-01-06 09:41:16,0.017,Alan’s Apple Watch
2022-01-06 09:41:17,0.017,Alan’s Apple Watch
2022-01-06 09:41:18,0.017,Alan’s Apple Watch
2022-01-06 09:41:19,0.017,Alan’s Apple Watch
2022-01-06 09:41:20,0.017,Alan’s Apple Watch
2022-01-06 09:41:21,0.017,Alan’s Apple Watch
2022-01-06 09:41:22,0.017,Alan’s Apple Watch
2022-01-06 09:41:23,0.017,Alan’s Apple Watch
2022-01-06 09:41:24,0.017,Alan’s Apple Watch
2022-01-06 09:41:25,0.137,Alan’s Apple Watch
2022-01-06 09:41:26,0.181,Alan’s Apple Watch
2022-01-06 09:41:27,0.19,Alan’s Apple Watch
2022-01-06 09:41:28,0.238,Alan’s Apple Watch
2022-01-06 09:41:29,0.238,Alan’s Apple Watch
2022-01-06 09:41:30,0.266,Alan’s Apple Watch
2022-01-06 09:41:31,0.285,Alan’s Apple Watch
2022-01-06 09:41:32,0.285,Alan’s Apple Watch
2022-01-06 09:41:33,0.285,Alan’s Apple Watch
2022-01-06 09:41:34,0.285,Alan’s Apple Watch
2022-01-06 09:41:35,0.285,Alan’s Apple Watch
2022-01-06 09:41:36,0.285,Alan’s Apple Watch
2022-01-06 09:41:37,0.285,Alan’s Apple Watch
2022-01-06 09:41:38,0.285,Alan’s Apple Watch
2022-01-06 09:41:39,0.285,Alan’s Apple Watch
2022-01-06 09:41:40,0.255,Alan’s Apple Watch
2022-01-06 09:41:41,0.189,Alan’s Apple Watch
2022-01-06 09:41:42,0.189,Alan’s Apple Watch
2022-01-06 09:41:43,0.189,Alan’s Apple Watch
2022-01-06 09:41:44,0.189,Alan’s Apple Watch
2022-01-06 09:41:45,0.187,Alan’s Apple Watch
2022-01-06 09:41:46,0.179,Alan’s Apple Watch
2022-01-06 09:41:47,0.179,Alan’s Apple Watch
2022-01-06 09:41:48,0.179,Alan’s Apple Watch
2022-01-06 09:41:49,0.179,Alan’s Apple Watch
2022-01-06 09:41:50,0.179,Alan’s Apple Watch
2022-01-06 09:41:51,0.178,Alan’s Apple Watch
2022-01-06 09:41:52,0.178,Alan’s Apple Watch
2022-01-06 09:41:53,0.178,Alan’s Apple Watch
2022-01-06 09:41:54,0.178,Alan’s Apple Watch
2022-01-06 09:41:55,0.178,Alan’s Apple Watch
2022-01-06 09:41:56,0.178,Alan’s Apple Watch
2022-01-06 09:41:57,0.178,Alan’s Apple Watch
2022-01-06 09:41:58,0.178,Alan’s Apple Watch
2022-01-06 09:41:59,0.178,Alan’s Apple Watch
2022-01-06 09:42:00,0.178,Alan’s Apple Watch
2022-01-06 09:42:01,0.057,Alan’s Apple Watch
2022-01-06 09:42:02,0.017,Alan’s Apple Watch
2022-01-06 09:42:03,0.017,Alan’s Apple Watch
2022-01-06 09:42:04,0.017,Alan’s Apple Watch
2022-01-06 09:42:05,0.017,Alan’s Apple Watch
2022-01-06 09:42:06,0.017,Alan’s Apple Watch
2022-01-06 09:42:07,0.017,Alan’s Apple Watch
2022-01-06 09:42:08,0.017,Alan’s Apple Watch
2022-01-06 09:42:09,0.017,Alan’s Apple Watch
2022-01-06 09:42:10,0.017,Alan’s Apple Watch
2022-01-06 09:42:11,0.017,Alan’s Apple Watch
2022-01-06 09:42:12,0.017,Alan’s Apple Watch
2022-01-06 09:42:13,0.017,Alan’s Apple Watch
2022-01-06 09:42:14,0.017,Alan’s Apple Watch
2022-01-06 09:42:15,0.017,Alan’s Apple Watch
2022-01-06 09:42:16,0.089,Alan’s Apple Watch
2022-01-06 09:42:17,0.238,Alan’s Apple Watch
2022-01-06 09:42:18,0.238,Alan’s Apple Watch
2022-01-06 09:42:19,0.238,Alan’s Apple Watch
2022-01-06 09:42:20,0.238,Alan’s Apple Watch
2022-01-06 09:42:21,0.238,Alan’s Apple Watch
2022-01-06 09:42:22,0.238,Alan’s Apple Watch
2022-01-06 09:42:23,0.238,Alan’s Apple Watch
2022-01-06 09:42:24,0.238,Alan’s Apple Watch
2022-01-06 09:42:25,0.238,Alan’s Apple Watch
2022-01-06 09:42:26,0.238,Alan’s Apple Watch
2022-01-06 09:42:27,0.238,Alan’s Apple Watch
2022-01-06 09:42:28,0.238,Alan’s Apple Watch
2022-01-06 09:42:29,0.132,Alan’s Apple Watch
2022-01-06 09:42:30,0.017,Alan’s Apple Watch
2022-01-06 09:42:31,0.017,Alan’s Apple Watch
2022-01-06 09:42:32,0.017,Alan’s Apple Watch
2022-01-06 09:42:33,0.017,Alan’s Apple Watch
2022-01-06 09:42:34,0.017,Alan’s Apple Watch
2022-01-06 09:42:35,0.017,Alan’s Apple Watch
2022-01-06 09:42:36,0.017,Alan’s Apple Watch
2022-01-06 09:42:37,0.017,Alan’s Apple Watch
2022-01-06 09:42:38,0.017,Alan’s Apple Watch
2022-01-06 09:42:39,0.048,Alan’s Apple Watch
2022-01-06 09:42:40,0.176,Alan’s Apple Watch
2022-01-06 09:42:41,0.176,Alan’s Apple Watch
2022-01-06 09:42:42,0.176,Alan’s Apple Watch
2022-01-06 09:42:43,0.176,Alan’s Apple Watch
2022-01-06 09:42:44,0.175,Alan’s Apple Watch
2022-01-06 09:42:45,0.158,Alan’s Apple Watch
2022-01-06 09:42:46,0.158,Alan’s Apple Watch
2022-01-06 09:42:47,0.158,Alan’s Apple Watch
2022-01-06 09:42:48,0.158,Alan’s Apple Watch
2022-01-06 09:42:49,0.158,Alan’s Apple Watch
2022-01-06 09:42:50,0.158,Alan’s Apple Watch
2022-01-06 09:42:51,0.158,Alan’s Apple Watch
2022-01-06 09:42:52,0.158,Alan’s Apple Watch
2022-01-06 09:42:53,0.158,Alan’s Apple Watch
2022-01-06 09:42:54,0.158,Alan’s Apple Watch
2022-01-06 09:42:55,0.158,Alan’s Apple Watch
2022-01-06 09:42:56,0.158,Alan’s Apple Watch
2022-01-06 09:42:57,0.161,Alan’s Apple Watch
2022-01-06 09:42:58,0.172,Alan’s Apple Watch
2022-01-06 09:42:59,0.172,Alan’s Apple Watch
2022-01-06 09:43:00,0.172,Alan’s Apple Watch
2022-01-06 09:43:01,0.172,Alan’s Apple Watch
2022-01-06 09:43:02,0.172,Alan’s Apple Watch
2022-01-06 09:43:03,0.172,Alan’s Apple Watch
2022-01-06 09:43:04,0.172,Alan’s Apple Watch
2022-01-06 09:43:05,0.172,Alan’s Apple Watch
2022-01-06 09:43:06,0.172,Alan’s Apple Watch
2022-01-06 09:43:07,0.172,Alan’s Apple Watch
2022-01-06 09:43:08,0.172,Alan’s Apple Watch
2022-01-06 09:43:09,0.172,Alan’s Apple Watch
2022-01-06 09:43:10,0.172,Alan’s Apple Watch
2022-01-06 09:43:11,0.172,Alan’s Apple Watch
2022-01-06 09:43:12,0.172,Alan’s Apple Watch
2022-01-06 09:43:13,0.155,Alan’s Apple Watch
2022-01-06 09:43:14,0.151,Alan’s Apple Watch
2022-01-06 09:43:15,0.151,Alan’s Apple Watch
2022-01-06 09:43:16,0.151,Alan’s Apple Watch
2022-01-06 09:43:17,0.151,Alan’s Apple Watch
2022-01-06 09:43:18,0.149,Alan’s Apple Watch
2022-01-06 09:43:19,0.147,Alan’s Apple Watch
2022-01-06 09:43:20,0.147,Alan’s Apple Watch
2022-01-06 09:43:21,0.148,Alan’s Apple Watch
2022-01-06 09:43:22,0.148,Alan’s Apple Watch
2022-01-06 09:43:23,0.148,Alan’s Apple Watch
2022-01-06 09:43:24,0.148,Alan’s Apple Watch
2022-01-06 09:43:25,0.148,Alan’s Apple Watch
2022-01-06 09:43:26,0.142,Alan’s Apple Watch
2022-01-06 09:43:27,0.141,Alan’s Apple Watch
2022-01-06 09:43:28,0.141,Alan’s Apple Watch
2022-01-06 09:43:29,0.141,Alan’s Apple Watch
2022-01-06 09:43:30,0.141,Alan’s Apple Watch
2022-01-06 09:43:31,0.141,Alan’s Apple Watch
2022-01-06 09:43:32,0.141,Alan’s Apple Watch
2022-01-06 09:43:33,0.141,Alan’s Apple Watch
2022-01-06 09:43:34,0.141,Alan’s Apple Watch
2022-01-06 09:43:35,0.141,Alan’s Apple Watch
2022-01-06 09:43:36,0.06,Alan’s Apple Watch
2022-01-06 09:43:37,0.017,Alan’s Apple Watch
2022-01-06 09:43:38,0.017,Alan’s Apple Watch
2022-01-06 09:43:39,0.017,Alan’s Apple Watch
2022-01-06 09:43:40,0.017,Alan’s Apple Watch
2022-01-06 09:43:41,0.017,Alan’s Apple Watch
2022-01-06 09:43:42,0.017,Alan’s Apple Watch
2022-01-06 09:43:43,0.017,Alan’s Apple Watch
2022-01-06 09:43:44,0.017,Alan’s Apple Watch
2022-01-06 09:43:45,0.017,Alan’s Apple Watch
2022-01-06 09:43:46,0.017,Alan’s Apple Watch
2022-01-06 09:43:47,0.017,Alan’s Apple Watch
2022-01-06 09:43:48,0.017,Alan’s Apple Watch
2022-01-06 09:43:49,0.017,Alan’s Apple Watch
2022-01-06 09:43:50,0.017,Alan’s Apple Watch
2022-01-06 09:43:51,0.017,Alan’s Apple Watch
2022-01-06 09:43:52,0.017,Alan’s Apple Watch
2022-01-06 09:43:53,0.017,Alan’s Apple Watch
2022-01-06 09:43:54,0.017,Alan’s Apple Watch
2022-01-06 09:43:55,0.017,Alan’s Apple Watch
2022-01-06 09:43:56,0.017,Alan’s Apple Watch
2022-01-06 09:43:57,0.017,Alan’s Apple Watch
2022-01-06 09:43:58,0.017,Alan’s Apple Watch
2022-01-06 09:43:59,0.017,Alan’s Apple Watch
2022-01-06 09:44:00,0.017,Alan’s Apple Watch
2022-01-06 09:44:01,0.017,Alan’s Apple Watch
2022-01-06 09:44:02,0.017,Alan’s Apple Watch
2022-01-06 09:44:03,0.017,Alan’s Apple Watch
2022-01-06 09:44:04,0.017,Alan’s Apple Watch
2022-01-06 09:44:05,0.017,Alan’s Apple Watch
2022-01-06 09:44:06,0.017,Alan’s Apple Watch
2022-01-06 09:44:07,0.017,Alan’s Apple Watch
2022-01-06 09:44:08,0.017,Alan’s Apple Watch
2022-01-06 09:44:09,0.017,Alan’s Apple Watch
2022-01-06 09:44:10,0.017,Alan’s Apple Watch
2022-01-06 09:44:11,0.017,Alan’s Apple Watch
2022-01-06 09:44:12,0.017,Alan’s Apple Watch
2022-01-06 09:44:13,0.017,Alan’s Apple Watch
2022-01-06 09:44:14,0.017,Alan’s Apple Watch
2022-01-06 09:44:15,0.017,Alan’s Apple Watch
2022-01-06 09:44:16,0.017,Alan’s Apple Watch
2022-01-06 09:44:17,0.017,Alan’s Apple Watch
2022-01-06 09:44:18,0.017,Alan’s Apple Watch
2022-01-06 09:44:19,0.017,Alan’s Apple Watch
2022-01-06 09:44:20,0.017,Alan’s Apple Watch
2022-01-06 09:44:21,0.017,Alan’s Apple Watch
2022-01-06 09:44:22,0.017,Alan’s Apple Watch
2022-01-06 09:44:23,0.017,Alan’s Apple Watch
2022-01-06 09:44:24,0.017,Alan’s Apple Watch
2022-01-06 09:44:25,0.017,Alan’s Apple Watch
2022-01-06 09:44:26,0.017,Alan’s Apple Watch
2022-01-06 09:44:27,0.017,Alan’s Apple Watch
2022-01-06 09:44:28,0.017,Alan’s Apple Watch
2022-01-06 09:44:29,0.017,Alan’s Apple Watch
2022-01-06 09:44:30,0.017,Alan’s Apple Watch
2022-01-06 09:44:31,0.017,Alan’s Apple Watch
2022-01-06 09:44:32,0.017,Alan’s Apple Watch
2022-01-06 09:44:33,0.017,Alan’s Apple Watch
2022-01-06 09:44:34,0.017,Alan’s Apple Watch
2022-01-06 09:44:35,0.017,Alan’s Apple Watch
2022-01-06 09:44:36,0.017,Alan’s Apple Watch
2022-01-06 09:44:37,0.017,Alan’s Apple Watch
2022-01-06 09:44:38,0.017,Alan’s Apple Watch
2022-01-06 09:44:39,0.017,Alan’s Apple Watch
2022-01-06 09:44:40,0.017,Alan’s Apple Watch
2022-01-06 09:44:41,0.017,Alan’s Apple Watch
2022-01-06 09:44:42,0.017,Alan’s Apple Watch
2022-01-06 09:44:43,0.017,Alan’s Apple Watch
2022-01-06 09:44:44,0.017,Alan’s Apple Watch
2022-01-06 09:44:45,0.061,Alan’s Apple Watch
2022-01-06 09:44:46,0.19,Alan’s Apple Watch
2022-01-06 09:44:47,0.19,Alan’s Apple Watch
2022-01-06 09:44:48,0.191,Alan’s Apple Watch
2022-01-06 09:44:49,0.191,Alan’s Apple Watch
2022-01-06 09:44:50,0.191,Alan’s Apple Watch
2022-01-06 09:44:51,0.191,Alan’s Apple Watch
2022-01-06 09:44:52,0.191,Alan’s Apple Watch
2022-01-06 09:44:53,0.191,Alan’s Apple Watch
2022-01-06 09:44:54,0.191,Alan’s Apple Watch
2022-01-06 09:44:55,0.191,Alan’s Apple Watch
2022-01-06 09:44:56,0.022,Alan’s Apple Watch
2022-01-06 09:44:57,0.017,Alan’s Apple Watch
2022-01-06 09:44:58,0.017,Alan’s Apple Watch
2022-01-06 09:44:59,0.017,Alan’s Apple Watch
2022-01-06 09:45:00,0.017,Alan’s Apple Watch
2022-01-06 09:45:01,0.017,Alan’s Apple Watch
2022-01-06 09:45:02,0.017,Alan’s Apple Watch
2022-01-06 09:45:03,0.017,Alan’s Apple Watch
2022-01-06 09:45:04,0.017,Alan’s Apple Watch
2022-01-06 09:45:05,0.017,Alan’s Apple Watch
2022-01-06 09:45:06,0.017,Alan’s Apple Watch
2022-01-06 09:45:07,0.017,Alan’s Apple Watch
2022-01-06 09:45:08,0.017,Alan’s Apple Watch
2022-01-06 09:45:09,0.017,Alan’s Apple Watch
2022-01-06 09:45:10,0.017,Alan’s Apple Watch
2022-01-06 09:45:11,0.017,Alan’s Apple Watch
2022-01-06 09:45:12,0.017,Alan’s Apple Watch
2022-01-06 09:45:13,0.017,Alan’s Apple Watch
2022-01-06 09:45:14,0.017,Alan’s Apple Watch
2022-01-06 09:45:15,0.017,Alan’s Apple Watch
2022-01-06 09:45:16,0.017,Alan’s Apple Watch
2022-01-06 09:45:17,0.017,Alan’s Apple Watch
2022-01-06 09:45:18,0.017,Alan’s Apple Watch
2022-01-06 09:45:19,0.148,Alan’s Apple Watch
2022-01-06 09:45:20,0.173,Alan’s Apple Watch
2022-01-06 09:45:21,0.174,Alan’s Apple Watch
2022-01-06 09:45:22,0.174,Alan’s Apple Watch
2022-01-06 09:45:23,0.174,Alan’s Apple Watch
2022-01-06 09:45:24,0.174,Alan’s Apple Watch
2022-01-06 09:45:25,0.174,Alan’s Apple Watch
2022-01-06 09:45:26,0.174,Alan’s Apple Watch
2022-01-06 09:45:27,0.174,Alan’s Apple Watch
2022-01-06 09:45:28,0.174,Alan’s Apple Watch
2022-01-06 09:45:29,0.086,Alan’s Apple Watch
2022-01-06 09:45:30,0.017,Alan’s Apple Watch
2022-01-06 09:45:31,0.017,Alan’s Apple Watch
2022-01-06 09:45:32,0.017,Alan’s Apple Watch
2022-01-06 09:45:33,0.017,Alan’s Apple Watch
2022-01-06 09:45:34,0.017,Alan’s Apple Watch
2022-01-06 09:45:35,0.017,Alan’s Apple Watch
2022-01-06 09:45:36,0.017,Alan’s Apple Watch
2022-01-06 09:45:37,0.017,Alan’s Apple Watch
2022-01-06 09:45:38,0.017,Alan’s Apple Watch
2022-01-06 09:45:39,0.017,Alan’s Apple Watch
2022-01-06 09:45:40,0.017,Alan’s Apple Watch
2022-01-06 09:45:41,0.017,Alan’s Apple Watch
2022-01-06 09:45:42,0.017,Alan’s Apple Watch
2022-01-06 09:45:43,0.017,Alan’s Apple Watch
2022-01-06 09:45:44,0.039,Alan’s Apple Watch
2022-01-06 09:45:45,0.177,Alan’s Apple Watch
2022-01-06 09:45:46,0.177,Alan’s Apple Watch
2022-01-06 09:45:47,0.177,Alan’s Apple Watch
2022-01-06 09:45:48,0.177,Alan’s Apple Watch
2022-01-06 09:45:49,0.178,Alan’s Apple Watch
2022-01-06 09:45:50,0.183,Alan’s Apple Watch
2022-01-06 09:45:51,0.184,Alan’s Apple Watch
2022-01-06 09:45:52,0.184,Alan’s Apple Watch
2022-01-06 09:45:53,0.184,Alan’s Apple Watch
2022-01-06 09:45:54,0.184,Alan’s Apple Watch
2022-01-06 09:45:55,0.184,Alan’s Apple Watch
2022-01-06 09:45:56,0.184,Alan’s Apple Watch
2022-01-06 09:45:57,0.184,Alan’s Apple Watch
2022-01-06 09:45:58,0.184,Alan’s Apple Watch
2022-01-06 09:45:59,0.184,Alan’s Apple Watch
2022-01-06 09:46:00,0.064,Alan’s Apple Watch
2022-01-06 09:46:01,0.017,Alan’s Apple Watch
2022-01-06 09:46:02,0.017,Alan’s Apple Watch
2022-01-06 09:46:03,0.017,Alan’s Apple Watch
2022-01-06 09:46:04,0.017,Alan’s Apple Watch
2022-01-06 09:46:05,0.017,Alan’s Apple Watch
2022-01-06 09:46:06,0.017,Alan’s Apple Watch
2022-01-06 09:46:07,0.017,Alan’s Apple Watch
2022-01-06 09:46:08,0.017,Alan’s Apple Watch
2022-01-06 09:46:09,0.017,Alan’s Apple Watch
2022-01-06 09:46:10,0.017,Alan’s Apple Watch
2022-01-06 09:46:11,0.017,Alan’s Apple Watch
2022-01-06 09:46:12,0.017,Alan’s Apple Watch
2022-01-06 09:46:13,0.017,Alan’s Apple Watch
2022-01-06 09:46:14,0.017,Alan’s Apple Watch
2022-01-06 09:46:15,0.017,Alan’s Apple Watch
2022-01-06 09:46:16,0.017,Alan’s Apple Watch
2022-01-06 09:46:17,0.017,Alan’s Apple Watch
2022-01-06 09:46:18,0.136,Alan’s Apple Watch
2022-01-06 09:46:19,0.181,Alan’s Apple Watch
2022-01-06 09:46:20,0.181,Alan’s Apple Watch
2022-01-06 09:46:21,0.181,Alan’s Apple Watch
2022-01-06 09:46:22,0.181,Alan’s Apple Watch
2022-01-06 09:46:23,0.181,Alan’s Apple Watch
2022-01-06 09:46:24,0.181,Alan’s Apple Watch
2022-01-06 09:46:25,0.181,Alan’s Apple Watch
2022-01-06 09:46:26,0.181,Alan’s Apple Watch
2022-01-06 09:46:27,0.181,Alan’s Apple Watch
2022-01-06 09:46:28,0.108,Alan’s Apple Watch
2022-01-06 09:46:29,0.017,Alan’s Apple Watch
2022-01-06 09:46:30,0.017,Alan’s Apple Watch
2022-01-06 09:46:31,0.017,Alan’s Apple Watch
2022-01-06 09:46:32,0.017,Alan’s Apple Watch
2022-01-06 09:46:33,0.017,Alan’s Apple Watch
2022-01-06 09:46:34,0.017,Alan’s Apple Watch
2022-01-06 09:46:35,0.017,Alan’s Apple Watch
2022-01-06 09:46:36,0.017,Alan’s Apple Watch
2022-01-06 09:46:37,0.017,Alan’s Apple Watch
2022-01-06 09:46:38,0.017,Alan’s Apple Watch
2022-01-06 09:46:39,0.017,Alan’s Apple Watch
2022-01-06 09:46:40,0.017,Alan’s Apple Watch
2022-01-06 09:46:41,0.017,Alan’s Apple Watch
2022-01-06 09:46:42,0.017,Alan’s Apple Watch
2022-01-06 09:46:43,0.017,Alan’s Apple Watch
2022-01-06 09:46:44,0.017,Alan’s Apple Watch
2022-01-06 09:46:45,0.017,Alan’s Apple Watch
2022-01-06 09:46:46,0.017,Alan’s Apple Watch
2022-01-06 09:46:47,0.017,Alan’s Apple Watch
2022-01-06 09:46:48,0.017,Alan’s Apple Watch
2022-01-06 09:46:49,0.017,Alan’s Apple Watch
2022-01-06 09:46:50,0.017,Alan’s Apple Watch
2022-01-06 09:46:51,0.017,Alan’s Apple Watch
2022-01-06 09:46:52,0.017,Alan’s Apple Watch
2022-01-06 09:46:53,0.017,Alan’s Apple Watch
2022-01-06 09:46:54,0.017,Alan’s Apple Watch
2022-01-06 09:46:55,0.017,Alan’s Apple Watch
2022-01-06 09:46:56,0.017,Alan’s Apple Watch
2022-01-06 09:46:57,0.017,Alan’s Apple Watch
2022-01-06 09:46:58,0.017,Alan’s Apple Watch
2022-01-06 09:46:59,0.017,Alan’s Apple Watch
2022-01-06 09:47:00,0.017,Alan’s Apple Watch
2022-01-06 09:47:01,0.017,Alan’s Apple Watch
2022-01-06 09:47:02,0.017,Alan’s Apple Watch
2022-01-06 09:47:03,0.017,Alan’s Apple Watch
2022-01-06 09:47:04,0.017,Alan’s Apple Watch
2022-01-06 09:47:05,0.017,Alan’s Apple Watch
2022-01-06 09:47:06,0.017,Alan’s Apple Watch
2022-01-06 09:47:07,0.017,Alan’s Apple Watch
2022-01-06 09:47:08,0.017,Alan’s Apple Watch
2022-01-06 09:47:09,0.017,Alan’s Apple Watch
2022-01-06 09:47:10,0.017,Alan’s Apple Watch
2022-01-06 09:47:11,0.017,Alan’s Apple Watch
2022-01-06 09:47:12,0.017,Alan’s Apple Watch
2022-01-06 09:47:13,0.017,Alan’s Apple Watch
2022-01-06 09:47:14,0.017,Alan’s Apple Watch
2022-01-06 09:47:15,0.017,Alan’s Apple Watch
2022-01-06 09:47:16,0.017,Alan’s Apple Watch
2022-01-06 09:47:17,0.123,Alan’s Apple Watch
2022-01-06 09:47:18,0.192,Alan’s Apple Watch
2022-01-06 09:47:19,0.192,Alan’s Apple Watch
2022-01-06 09:47:20,0.192,Alan’s Apple Watch
2022-01-06 09:47:21,0.192,Alan’s Apple Watch
2022-01-06 09:47:22,0.192,Alan’s Apple Watch
2022-01-06 09:47:23,0.192,Alan’s Apple Watch
2022-01-06 09:47:24,0.192,Alan’s Apple Watch
2022-01-06 09:47:25,0.192,Alan’s Apple Watch
2022-01-06 09:47:26,0.192,Alan’s Apple Watch
2022-01-06 09:47:27,0.192,Alan’s Apple Watch
2022-01-06 09:47:28,0.192,Alan’s Apple Watch
2022-01-06 09:47:29,0.192,Alan’s Apple Watch
2022-01-06 09:47:30,0.192,Alan’s Apple Watch
2022-01-06 09:47:31,0.192,Alan’s Apple Watch
2022-01-06 09:47:32,0.159,Alan’s Apple Watch
2022-01-06 09:47:33,0.017,Alan’s Apple Watch
2022-01-06 09:47:34,0.017,Alan’s Apple Watch
2022-01-06 09:47:35,0.017,Alan’s Apple Watch
2022-01-06 09:47:36,0.017,Alan’s Apple Watch
2022-01-06 09:47:37,0.017,Alan’s Apple Watch
2022-01-06 09:47:38,0.017,Alan’s Apple Watch
2022-01-06 09:47:39,0.017,Alan’s Apple Watch
2022-01-06 09:47:40,0.017,Alan’s Apple Watch
2022-01-06 09:47:41,0.017,Alan’s Apple Watch
2022-01-06 09:47:42,0.017,Alan’s Apple Watch
2022-01-06 09:47:43,0.017,Alan’s Apple Watch
2022-01-06 09:47:44,0.017,Alan’s Apple Watch
2022-01-06 09:47:45,0.017,Alan’s Apple Watch
2022-01-06 09:47:46,0.017,Alan’s Apple Watch
2022-01-06 09:47:47,0.017,Alan’s Apple Watch
2022-01-06 09:47:48,0.017,Alan’s Apple Watch
2022-01-06 09:47:49,0.017,Alan’s Apple Watch
2022-01-06 09:47:50,0.017,Alan’s Apple Watch
2022-01-06 09:47:51,0.017,Alan’s Apple Watch
2022-01-06 09:47:52,0.017,Alan’s Apple Watch
2022-01-06 09:47:53,0.017,Alan’s Apple Watch
2022-01-06 09:47:54,0.017,Alan’s Apple Watch
2022-01-06 09:47:55,0.017,Alan’s Apple Watch
2022-01-06 09:47:56,0.017,Alan’s Apple Watch
2022-01-06 09:47:57,0.017,Alan’s Apple Watch
2022-01-06 09:47:58,0.017,Alan’s Apple Watch
2022-01-06 09:47:59,0.017,Alan’s Apple Watch
2022-01-06 09:48:00,0.017,Alan’s Apple Watch
2022-01-06 09:48:01,0.017,Alan’s Apple Watch
2022-01-06 09:48:02,0.017,Alan’s Apple Watch
2022-01-06 09:48:03,0.07,Alan’s Apple Watch
2022-01-06 09:48:04,0.17,Alan’s Apple Watch
2022-01-06 09:48:05,0.17,Alan’s Apple Watch
2022-01-06 09:48:06,0.17,Alan’s Apple Watch
2022-01-06 09:48:07,0.17,Alan’s Apple Watch
2022-01-06 09:48:08,0.17,Alan’s Apple Watch
2022-01-06 09:48:09,0.17,Alan’s Apple Watch
2022-01-06 09:48:10,0.17,Alan’s Apple Watch
2022-01-06 09:48:11,0.172,Alan’s Apple Watch
2022-01-06 09:48:12,0.174,Alan’s Apple Watch
2022-01-06 09:48:13,0.174,Alan’s Apple Watch
2022-01-06 09:48:14,0.177,Alan’s Apple Watch
2022-01-06 09:48:15,0.177,Alan’s Apple Watch
2022-01-06 09:48:16,0.18,Alan’s Apple Watch
2022-01-06 09:48:17,0.184,Alan’s Apple Watch
2022-01-06 09:48:18,0.184,Alan’s Apple Watch
2022-01-06 09:48:19,0.189,Alan’s Apple Watch
2022-01-06 09:48:20,0.189,Alan’s Apple Watch
2022-01-06 09:48:21,0.189,Alan’s Apple Watch
2022-01-06 09:48:22,0.189,Alan’s Apple Watch
2022-01-06 09:48:23,0.189,Alan’s Apple Watch
2022-01-06 09:48:24,0.189,Alan’s Apple Watch
2022-01-06 09:48:25,0.189,Alan’s Apple Watch
2022-01-06 09:48:26,0.189,Alan’s Apple Watch
2022-01-06 09:48:27,0.189,Alan’s Apple Watch
2022-01-06 09:48:28,0.189,Alan’s Apple Watch
2022-01-06 09:48:29,0.08,Alan’s Apple Watch
2022-01-06 09:48:30,0.017,Alan’s Apple Watch
2022-01-06 09:48:31,0.017,Alan’s Apple Watch
2022-01-06 09:48:32,0.017,Alan’s Apple Watch
2022-01-06 09:48:33,0.017,Alan’s Apple Watch
2022-01-06 09:48:34,0.017,Alan’s Apple Watch
2022-01-06 09:48:35,0.017,Alan’s Apple Watch
2022-01-06 09:48:36,0.017,Alan’s Apple Watch
2022-01-06 09:48:37,0.017,Alan’s Apple Watch
2022-01-06 09:48:38,0.017,Alan’s Apple Watch
2022-01-06 09:48:39,0.017,Alan’s Apple Watch
2022-01-06 09:48:40,0.017,Alan’s Apple Watch
2022-01-06 09:48:41,0.017,Alan’s Apple Watch
2022-01-06 09:48:42,0.017,Alan’s Apple Watch
2022-01-06 09:48:43,0.017,Alan’s Apple Watch
2022-01-06 09:48:44,0.017,Alan’s Apple Watch
2022-01-06 09:48:45,0.017,Alan’s Apple Watch
2022-01-06 09:48:46,0.017,Alan’s Apple Watch
2022-01-06 09:48:47,0.017,Alan’s Apple Watch
2022-01-06 09:48:48,0.017,Alan’s Apple Watch
2022-01-06 09:48:49,0.017,Alan’s Apple Watch
2022-01-06 09:48:50,0.017,Alan’s Apple Watch
2022-01-06 09:48:51,0.017,Alan’s Apple Watch
2022-01-06 09:48:52,0.017,Alan’s Apple Watch
2022-01-06 09:48:53,0.017,Alan’s Apple Watch
2022-01-06 09:48:54,0.017,Alan’s Apple Watch
2022-01-06 09:48:55,0.017,Alan’s Apple Watch
2022-01-06 09:48:56,0.017,Alan’s Apple Watch
2022-01-06 09:48:57,0.017,Alan’s Apple Watch
2022-01-06 09:48:58,0.017,Alan’s Apple Watch
2022-01-06 09:48:59,0.017,Alan’s Apple Watch
2022-01-06 09:49:00,0.017,Alan’s Apple Watch
2022-01-06 09:49:01,0.017,Alan’s Apple Watch
2022-01-06 09:49:02,0.017,Alan’s Apple Watch
2022-01-06 09:49:03,0.017,Alan’s Apple Watch
2022-01-06 09:49:04,0.017,Alan’s Apple Watch
2022-01-06 09:49:05,0.017,Alan’s Apple Watch
2022-01-06 09:49:06,0.017,Alan’s Apple Watch
2022-01-06 09:49:07,0.017,Alan’s Apple Watch
2022-01-06 09:49:08,0.017,Alan’s Apple Watch
2022-01-06 09:49:09,0.017,Alan’s Apple Watch
2022-01-06 09:49:10,0.017,Alan’s Apple Watch
2022-01-06 09:49:11,0.017,Alan’s Apple Watch
2022-01-06 09:49:12,0.017,Alan’s Apple Watch
2022-01-06 09:49:13,0.017,Alan’s Apple Watch
2022-01-06 09:49:14,0.017,Alan’s Apple Watch
2022-01-06 09:49:15,0.017,Alan’s Apple Watch
2022-01-06 09:49:16,0.017,Alan’s Apple Watch
2022-01-06 09:49:17,0.017,Alan’s Apple Watch
2022-01-06 09:49:18,0.196,Alan’s Apple Watch
2022-01-06 09:49:19,0.24,Alan’s Apple Watch
2022-01-06 09:49:20,0.24,Alan’s Apple Watch
2022-01-06 09:49:21,0.24,Alan’s Apple Watch
2022-01-06 09:49:22,0.24,Alan’s Apple Watch
2022-01-06 09:49:23,0.237,Alan’s Apple Watch
2022-01-06 09:49:24,0.236,Alan’s Apple Watch
2022-01-06 09:49:25,0.236,Alan’s Apple Watch
2022-01-06 09:49:26,0.236,Alan’s Apple Watch
2022-01-06 09:49:27,0.236,Alan’s Apple Watch
2022-01-06 09:49:28,0.236,Alan’s Apple Watch
2022-01-06 09:49:29,0.236,Alan’s Apple Watch
2022-01-06 09:49:30,0.236,Alan’s Apple Watch
2022-01-06 09:49:31,0.179,Alan’s Apple Watch
2022-01-06 09:49:32,0.176,Alan’s Apple Watch
2022-01-06 09:49:33,0.176,Alan’s Apple Watch
2022-01-06 09:49:34,0.176,Alan’s Apple Watch
2022-01-06 09:49:35,0.176,Alan’s Apple Watch
2022-01-06 09:49:36,0.146,Alan’s Apple Watch
2022-01-06 09:49:37,0.14,Alan’s Apple Watch
2022-01-06 09:49:38,0.139,Alan’s Apple Watch
2022-01-06 09:49:39,0.139,Alan’s Apple Watch
2022-01-06 09:49:40,0.139,Alan’s Apple Watch
2022-01-06 09:49:41,0.14,Alan’s Apple Watch
2022-01-06 09:49:42,0.14,Alan’s Apple Watch
2022-01-06 09:49:43,0.14,Alan’s Apple Watch
2022-01-06 09:49:44,0.14,Alan’s Apple Watch
2022-01-06 09:49:45,0.14,Alan’s Apple Watch
2022-01-06 09:49:46,0.074,Alan’s Apple Watch
2022-01-06 09:49:47,0.017,Alan’s Apple Watch
2022-01-06 09:49:48,0.017,Alan’s Apple Watch
2022-01-06 09:49:49,0.017,Alan’s Apple Watch
2022-01-06 09:49:50,0.017,Alan’s Apple Watch
2022-01-06 09:49:51,0.017,Alan’s Apple Watch
2022-01-06 09:49:52,0.017,Alan’s Apple Watch
2022-01-06 09:49:53,0.017,Alan’s Apple Watch
2022-01-06 09:49:54,0.017,Alan’s Apple Watch
2022-01-06 09:49:55,0.017,Alan’s Apple Watch
2022-01-06 09:49:56,0.057,Alan’s Apple Watch
2022-01-06 09:49:57,0.178,Alan’s Apple Watch
2022-01-06 09:49:58,0.178,Alan’s Apple Watch
2022-01-06 09:49:59,0.182,Alan’s Apple Watch
2022-01-06 09:50:00,0.184,Alan’s Apple Watch
2022-01-06 09:50:01,0.184,Alan’s Apple Watch
2022-01-06 09:50:02,0.184,Alan’s Apple Watch
2022-01-06 09:50:03,0.184,Alan’s Apple Watch
2022-01-06 09:50:04,0.184,Alan’s Apple Watch
2022-01-06 09:50:05,0.184,Alan’s Apple Watch
2022-01-06 09:50:06,0.184,Alan’s Apple Watch
2022-01-06 09:50:07,0.184,Alan’s Apple Watch
2022-01-06 09:50:08,0.184,Alan’s Apple Watch
2022-01-06 09:50:09,0.184,Alan’s Apple Watch
2022-01-06 09:50:10,0.184,Alan’s Apple Watch
2022-01-06 09:50:11,0.184,Alan’s Apple Watch
2022-01-06 09:50:12,0.165,Alan’s Apple Watch
2022-01-06 09:50:13,0.161,Alan’s Apple Watch
2022-01-06 09:50:14,0.161,Alan’s Apple Watch
2022-01-06 09:50:15,0.161,Alan’s Apple Watch
2022-01-06 09:50:16,0.161,Alan’s Apple Watch
2022-01-06 09:50:17,0.161,Alan’s Apple Watch
2022-01-06 09:50:18,0.161,Alan’s Apple Watch
2022-01-06 09:50:19,0.161,Alan’s Apple Watch
2022-01-06 09:50:20,0.161,Alan’s Apple Watch
2022-01-06 09:50:21,0.161,Alan’s Apple Watch
2022-01-06 09:50:22,0.162,Alan’s Apple Watch
2022-01-06 09:50:23,0.162,Alan’s Apple Watch
2022-01-06 09:50:24,0.162,Alan’s Apple Watch
2022-01-06 09:50:25,0.161,Alan’s Apple Watch
2022-01-06 09:50:26,0.161,Alan’s Apple Watch
2022-01-06 09:50:27,0.161,Alan’s Apple Watch
2022-01-06 09:50:28,0.161,Alan’s Apple Watch
2022-01-06 09:50:29,0.161,Alan’s Apple Watch
2022-01-06 09:50:30,0.161,Alan’s Apple Watch
2022-01-06 09:50:31,0.161,Alan’s Apple Watch
2022-01-06 09:50:32,0.123,Alan’s Apple Watch
2022-01-06 09:50:33,0.017,Alan’s Apple Watch
2022-01-06 09:50:34,0.017,Alan’s Apple Watch
2022-01-06 09:50:35,0.017,Alan’s Apple Watch
2022-01-06 09:50:36,0.017,Alan’s Apple Watch
2022-01-06 09:50:37,0.017,Alan’s Apple Watch
2022-01-06 09:50:38,0.017,Alan’s Apple Watch
2022-01-06 09:50:39,0.017,Alan’s Apple Watch
2022-01-06 09:50:40,0.017,Alan’s Apple Watch
2022-01-06 09:50:41,0.017,Alan’s Apple Watch
2022-01-06 09:50:42,0.017,Alan’s Apple Watch
2022-01-06 09:50:43,0.017,Alan’s Apple Watch
2022-01-06 09:50:44,0.017,Alan’s Apple Watch
2022-01-06 09:50:45,0.017,Alan’s Apple Watch
2022-01-06 09:50:46,0.017,Alan’s Apple Watch
2022-01-06 09:50:47,0.017,Alan’s Apple Watch
2022-01-06 09:50:48,0.017,Alan’s Apple Watch
2022-01-06 09:50:49,0.017,Alan’s Apple Watch
2022-01-06 09:50:50,0.017,Alan’s Apple Watch
2022-01-06 09:50:51,0.017,Alan’s Apple Watch
2022-01-06 09:50:52,0.017,Alan’s Apple Watch
2022-01-06 09:50:53,0.017,Alan’s Apple Watch
2022-01-06 09:50:54,0.017,Alan’s Apple Watch
2022-01-06 09:50:55,0.017,Alan’s Apple Watch
2022-01-06 09:50:56,0.017,Alan’s Apple Watch
2022-01-06 09:50:57,0.017,Alan’s Apple Watch
2022-01-06 09:50:58,0.017,Alan’s Apple Watch
2022-01-06 09:50:59,0.017,Alan’s Apple Watch
2022-01-06 09:51:00,0.017,Alan’s Apple Watch
2022-01-06 09:51:01,0.017,Alan’s Apple Watch
2022-01-06 09:51:02,0.017,Alan’s Apple Watch
2022-01-06 09:51:03,0.017,Alan’s Apple Watch
2022-01-06 09:51:04,0.017,Alan’s Apple Watch
2022-01-06 09:51:05,0.017,Alan’s Apple Watch
2022-01-06 09:51:06,0.017,Alan’s Apple Watch
2022-01-06 09:51:07,0.017,Alan’s Apple Watch
2022-01-06 09:51:08,0.017,Alan’s Apple Watch
2022-01-06 09:51:09,0.017,Alan’s Apple Watch
2022-01-06 09:51:10,0.017,Alan’s Apple Watch
2022-01-06 09:51:11,0.017,Alan’s Apple Watch
2022-01-06 09:51:12,0.017,Alan’s Apple Watch
2022-01-06 09:51:13,0.017,Alan’s Apple Watch
2022-01-06 09:51:14,0.017,Alan’s Apple Watch
2022-01-06 09:51:15,0.017,Alan’s Apple Watch
2022-01-06 09:51:16,0.017,Alan’s Apple Watch
2022-01-06 09:51:17,0.017,Alan’s Apple Watch
2022-01-06 09:51:18,0.017,Alan’s Apple Watch
2022-01-06 09:51:19,0.009,Alan’s Apple Watch
2022-01-06 09:51:20,0.009,Alan’s Apple Watch
2022-01-06 09:51:21,0.009,Alan’s Apple Watch
2022-01-06 09:51:22,0.009,Alan’s Apple Watch
2022-01-06 09:51:23,0.009,Alan’s Apple Watch
2022-01-06 09:51:24,0.009,Alan’s Apple Watch
2022-01-06 09:51:25,0.009,Alan’s Apple Watch
2022-01-06 09:51:26,0.009,Alan’s Apple Watch
2022-01-06 09:51:27,0.009,Alan’s Apple Watch
2022-01-06 09:51:28,0.009,Alan’s Apple Watch
2022-01-06 09:51:29,0.002,Alan’s Apple Watch
2022-01-06 09:53:42,0.001,Alan’s Apple Watch
2022-01-06 09:53:43,0.013,Alan’s Apple Watch
2022-01-06 09:53:44,0.013,Alan’s Apple Watch
2022-01-06 09:53:45,0.013,Alan’s Apple Watch
2022-01-06 09:53:46,0.013,Alan’s Apple Watch
2022-01-06 09:53:47,0.013,Alan’s Apple Watch
2022-01-06 09:53:48,0.013,Alan’s Apple Watch
2022-01-06 09:53:49,0.013,Alan’s Apple Watch
2022-01-06 09:53:50,0.013,Alan’s Apple Watch
2022-01-06 09:53:51,0.013,Alan’s Apple Watch
2022-01-06 09:53:52,0.013,Alan’s Apple Watch
2022-01-06 09:53:53,0.003,Alan’s Apple Watch
2022-01-06 09:54:03,0.002,Alan’s Apple Watch
2022-01-06 09:54:04,0.003,Alan’s Apple Watch
2022-01-06 09:54:05,0.003,Alan’s Apple Watch
2022-01-06 09:54:06,0.003,Alan’s Apple Watch
2022-01-06 09:54:07,0.003,Alan’s Apple Watch
2022-01-06 09:54:08,0.003,Alan’s Apple Watch
2022-01-06 09:54:09,0.003,Alan’s Apple Watch
2022-01-06 09:54:10,0.003,Alan’s Apple Watch
2022-01-06 09:54:11,0.003,Alan’s Apple Watch
2022-01-06 09:54:12,0.003,Alan’s Apple Watch
2022-01-06 09:54:13,0.005,Alan’s Apple Watch
2022-01-06 09:54:14,0.013,Alan’s Apple Watch
2022-01-06 09:54:15,0.013,Alan’s Apple Watch
2022-01-06 09:54:16,0.013,Alan’s Apple Watch
2022-01-06 09:54:17,0.013,Alan’s Apple Watch
2022-01-06 09:54:18,0.013,Alan’s Apple Watch
2022-01-06 09:54:19,0.013,Alan’s Apple Watch
2022-01-06 09:54:20,0.013,Alan’s Apple Watch
2022-01-06 09:54:21,0.013,Alan’s Apple Watch
2022-01-06 09:54:22,0.013,Alan’s Apple Watch
2022-01-06 09:54:23,0.013,Alan’s Apple Watch
2022-01-06 09:54:24,0.002,Alan’s Apple Watch
2022-01-06 09:54:25,0.002,Alan’s Apple Watch
2022-01-06 09:54:26,0.002,Alan’s Apple Watch
2022-01-06 09:54:27,0.002,Alan’s Apple Watch
2022-01-06 09:54:28,0.002,Alan’s Apple Watch
2022-01-06 09:54:29,0.002,Alan’s Apple Watch
2022-01-06 09:54:30,0.002,Alan’s Apple Watch
2022-01-06 09:54:31,0.002,Alan’s Apple Watch
2022-01-06 09:54:32,0.002,Alan’s Apple Watch
2022-01-06 09:54:33,0.002,Alan’s Apple Watch
2022-01-06 09:54:34,0.009,Alan’s Apple Watch
2022-01-06 09:54:35,0.013,Alan’s Apple Watch
2022-01-06 09:54:36,0.013,Alan’s Apple Watch
2022-01-06 09:54:37,0.013,Alan’s Apple Watch
2022-01-06 09:54:38,0.013,Alan’s Apple Watch
2022-01-06 09:54:39,0.013,Alan’s Apple Watch
2022-01-06 09:54:40,0.013,Alan’s Apple Watch
2022-01-06 09:54:41,0.013,Alan’s Apple Watch
2022-01-06 09:54:42,0.013,Alan’s Apple Watch
2022-01-06 09:54:43,0.013,Alan’s Apple Watch
2022-01-06 09:54:44,0.008,Alan’s Apple Watch
2022-01-06 09:55:05,0.028,Alan’s Apple Watch
2022-01-06 09:55:06,0.034,Alan’s Apple Watch
2022-01-06 09:55:07,0.034,Alan’s Apple Watch
2022-01-06 09:55:08,0.034,Alan’s Apple Watch
2022-01-06 09:55:09,0.034,Alan’s Apple Watch
2022-01-06 09:55:10,0.034,Alan’s Apple Watch
2022-01-06 09:55:11,0.034,Alan’s Apple Watch
2022-01-06 09:55:12,0.034,Alan’s Apple Watch
2022-01-06 09:55:13,0.034,Alan’s Apple Watch
2022-01-06 09:55:14,0.034,Alan’s Apple Watch
2022-01-06 09:55:15,0.189,Alan’s Apple Watch
2022-01-06 09:55:16,0.314,Alan’s Apple Watch
2022-01-06 09:55:17,0.314,Alan’s Apple Watch
2022-01-06 09:55:18,0.314,Alan’s Apple Watch
2022-01-06 09:55:19,0.314,Alan’s Apple Watch
2022-01-06 09:55:20,0.314,Alan’s Apple Watch
2022-01-06 09:55:21,0.314,Alan’s Apple Watch
2022-01-06 09:55:22,0.314,Alan’s Apple Watch
2022-01-06 09:55:23,0.314,Alan’s Apple Watch
2022-01-06 09:55:24,0.314,Alan’s Apple Watch
2022-01-06 09:55:25,0.315,Alan’s Apple Watch
2022-01-06 09:55:26,0.317,Alan’s Apple Watch
2022-01-06 09:55:27,0.317,Alan’s Apple Watch
2022-01-06 09:55:28,0.317,Alan’s Apple Watch
2022-01-06 09:55:29,0.317,Alan’s Apple Watch
2022-01-06 09:55:30,0.317,Alan’s Apple Watch
2022-01-06 09:55:31,0.317,Alan’s Apple Watch
2022-01-06 09:55:32,0.317,Alan’s Apple Watch
2022-01-06 09:55:33,0.317,Alan’s Apple Watch
2022-01-06 09:55:34,0.317,Alan’s Apple Watch
2022-01-06 09:55:35,0.317,Alan’s Apple Watch
2022-01-06 09:55:36,0.363,Alan’s Apple Watch
2022-01-06 09:55:37,0.364,Alan’s Apple Watch
2022-01-06 09:55:38,0.364,Alan’s Apple Watch
2022-01-06 09:55:39,0.364,Alan’s Apple Watch
2022-01-06 09:55:40,0.364,Alan’s Apple Watch
2022-01-06 09:55:41,0.364,Alan’s Apple Watch
2022-01-06 09:55:42,0.364,Alan’s Apple Watch
2022-01-06 09:55:43,0.364,Alan’s Apple Watch
2022-01-06 09:55:44,0.364,Alan’s Apple Watch
2022-01-06 09:55:45,0.364,Alan’s Apple Watch
2022-01-06 09:55:46,0.239,Alan’s Apple Watch
2022-01-06 09:55:47,0.188,Alan’s Apple Watch
2022-01-06 09:55:48,0.188,Alan’s Apple Watch
2022-01-06 09:55:49,0.188,Alan’s Apple Watch
2022-01-06 09:55:50,0.188,Alan’s Apple Watch
2022-01-06 09:55:51,0.188,Alan’s Apple Watch
2022-01-06 09:55:52,0.188,Alan’s Apple Watch
2022-01-06 09:55:53,0.188,Alan’s Apple Watch
2022-01-06 09:55:54,0.188,Alan’s Apple Watch
2022-01-06 09:55:55,0.188,Alan’s Apple Watch
2022-01-06 09:55:56,0.275,Alan’s Apple Watch
2022-01-06 09:55:57,0.396,Alan’s Apple Watch
2022-01-06 09:55:58,0.396,Alan’s Apple Watch
2022-01-06 09:55:59,0.396,Alan’s Apple Watch
2022-01-06 09:56:00,0.396,Alan’s Apple Watch
2022-01-06 09:56:01,0.396,Alan’s Apple Watch
2022-01-06 09:56:02,0.396,Alan’s Apple Watch
2022-01-06 09:56:03,0.396,Alan’s Apple Watch
2022-01-06 09:56:04,0.396,Alan’s Apple Watch
2022-01-06 09:56:05,0.396,Alan’s Apple Watch
2022-01-06 09:56:06,0.371,Alan’s Apple Watch
2022-01-06 09:56:07,0.221,Alan’s Apple Watch
2022-01-06 09:56:08,0.221,Alan’s Apple Watch
2022-01-06 09:56:09,0.221,Alan’s Apple Watch
2022-01-06 09:56:10,0.221,Alan’s Apple Watch
2022-01-06 09:56:11,0.221,Alan’s Apple Watch
2022-01-06 09:56:12,0.221,Alan’s Apple Watch
2022-01-06 09:56:13,0.221,Alan’s Apple Watch
2022-01-06 09:56:14,0.221,Alan’s Apple Watch
2022-01-06 09:56:15,0.221,Alan’s Apple Watch
2022-01-06 09:56:16,0.221,Alan’s Apple Watch
2022-01-06 09:56:17,0.071,Alan’s Apple Watch
2022-01-06 09:56:18,0.046,Alan’s Apple Watch
2022-01-06 09:56:19,0.046,Alan’s Apple Watch
2022-01-06 09:56:20,0.046,Alan’s Apple Watch
2022-01-06 09:56:21,0.046,Alan’s Apple Watch
2022-01-06 09:56:22,0.046,Alan’s Apple Watch
2022-01-06 09:56:23,0.046,Alan’s Apple Watch
2022-01-06 09:56:24,0.046,Alan’s Apple Watch
2022-01-06 09:56:25,0.046,Alan’s Apple Watch
2022-01-06 09:56:26,0.046,Alan’s Apple Watch
2022-01-06 09:56:27,0.046,Alan’s Apple Watch
2022-01-06 09:56:28,0.046,Alan’s Apple Watch
2022-01-06 09:56:29,0.046,Alan’s Apple Watch
2022-01-06 09:56:30,0.046,Alan’s Apple Watch
2022-01-06 09:56:31,0.046,Alan’s Apple Watch
2022-01-06 09:56:32,0.046,Alan’s Apple Watch
2022-01-06 09:56:33,0.046,Alan’s Apple Watch
2022-01-06 09:56:34,0.046,Alan’s Apple Watch
2022-01-06 09:56:35,0.046,Alan’s Apple Watch
2022-01-06 09:56:36,0.046,Alan’s Apple Watch
2022-01-06 09:56:37,0.081,Alan’s Apple Watch
2022-01-06 09:56:38,0.164,Alan’s Apple Watch
2022-01-06 09:56:39,0.164,Alan’s Apple Watch
2022-01-06 09:56:40,0.164,Alan’s Apple Watch
2022-01-06 09:56:41,0.164,Alan’s Apple Watch
2022-01-06 09:56:42,0.164,Alan’s Apple Watch
2022-01-06 09:56:43,0.164,Alan’s Apple Watch
2022-01-06 09:56:44,0.164,Alan’s Apple Watch
2022-01-06 09:56:45,0.164,Alan’s Apple Watch
2022-01-06 09:56:46,0.164,Alan’s Apple Watch
2022-01-06 09:56:47,0.164,Alan’s Apple Watch
2022-01-06 09:56:48,0.174,Alan’s Apple Watch
2022-01-06 09:56:49,0.174,Alan’s Apple Watch
2022-01-06 09:56:50,0.174,Alan’s Apple Watch
2022-01-06 09:56:51,0.174,Alan’s Apple Watch
2022-01-06 09:56:52,0.174,Alan’s Apple Watch
2022-01-06 09:56:53,0.174,Alan’s Apple Watch
2022-01-06 09:56:54,0.174,Alan’s Apple Watch
2022-01-06 09:56:55,0.174,Alan’s Apple Watch
2022-01-06 09:56:56,0.174,Alan’s Apple Watch
2022-01-06 09:56:57,0.174,Alan’s Apple Watch
2022-01-06 09:56:58,0.174,Alan’s Apple Watch
2022-01-06 09:56:59,0.174,Alan’s Apple Watch
2022-01-06 09:57:00,0.174,Alan’s Apple Watch
2022-01-06 09:57:01,0.174,Alan’s Apple Watch
2022-01-06 09:57:02,0.174,Alan’s Apple Watch
2022-01-06 09:57:03,0.174,Alan’s Apple Watch
2022-01-06 09:57:04,0.174,Alan’s Apple Watch
2022-01-06 09:57:05,0.174,Alan’s Apple Watch
2022-01-06 09:57:06,0.174,Alan’s Apple Watch
2022-01-06 09:57:07,0.174,Alan’s Apple Watch
2022-01-06 09:57:08,0.174,Alan’s Apple Watch
2022-01-06 09:57:09,0.174,Alan’s Apple Watch
2022-01-06 09:57:10,0.174,Alan’s Apple Watch
2022-01-06 09:57:11,0.174,Alan’s Apple Watch
2022-01-06 09:57:12,0.174,Alan’s Apple Watch
2022-01-06 09:57:13,0.174,Alan’s Apple Watch
2022-01-06 09:57:14,0.174,Alan’s Apple Watch
2022-01-06 09:57:15,0.174,Alan’s Apple Watch
2022-01-06 09:57:16,0.174,Alan’s Apple Watch
2022-01-06 09:57:17,0.174,Alan’s Apple Watch
2022-01-06 09:57:18,0.174,Alan’s Apple Watch
2022-01-06 09:57:19,0.174,Alan’s Apple Watch
2022-01-06 09:57:20,0.174,Alan’s Apple Watch
2022-01-06 09:57:21,0.174,Alan’s Apple Watch
2022-01-06 09:57:22,0.174,Alan’s Apple Watch
2022-01-06 09:57:23,0.174,Alan’s Apple Watch
2022-01-06 09:57:24,0.174,Alan’s Apple Watch
2022-01-06 09:57:25,0.174,Alan’s Apple Watch
2022-01-06 09:57:26,0.174,Alan’s Apple Watch
2022-01-06 09:57:27,0.174,Alan’s Apple Watch
2022-01-06 09:57:28,0.174,Alan’s Apple Watch
2022-01-06 09:57:29,0.174,Alan’s Apple Watch
2022-01-06 09:57:30,0.174,Alan’s Apple Watch
2022-01-06 09:57:31,0.174,Alan’s Apple Watch
