Date/Time,Swimming Stroke Count (count),Source
2022-01-06 09:13:54,0.042,Alan’s Apple Watch
2022-01-06 09:13:55,0.244,Alan’s Apple Watch
2022-01-06 09:13:56,0.244,Alan’s Apple Watch
2022-01-06 09:13:57,0.244,Alan’s Apple Watch
2022-01-06 09:13:58,0.244,Alan’s Apple Watch
2022-01-06 09:13:59,0.244,Alan’s Apple Watch
2022-01-06 09:14:00,0.244,Alan’s Apple Watch
2022-01-06 09:14:01,0.244,Alan’s Apple Watch
2022-01-06 09:14:02,0.244,Alan’s Apple Watch
2022-01-06 09:14:03,0.244,Alan’s Apple Watch
2022-01-06 09:14:04,0.244,Alan’s Apple Watch
2022-01-06 09:14:05,0.244,Alan’s Apple Watch
2022-01-06 09:14:06,0.244,Alan’s Apple Watch
2022-01-06 09:14:07,0.244,Alan’s Apple Watch
2022-01-06 09:14:08,0.244,Alan’s Apple Watch
2022-01-06 09:14:09,0.244,Alan’s Apple Watch
2022-01-06 09:14:10,0.244,Alan’s Apple Watch
2022-01-06 09:14:11,0.244,Alan’s Apple Watch
2022-01-06 09:14:12,0.244,Alan’s Apple Watch
2022-01-06 09:14:13,0.244,Alan’s Apple Watch
2022-01-06 09:14:14,0.244,Alan’s Apple Watch
2022-01-06 09:14:15,0.244,Alan’s Apple Watch
2022-01-06 09:14:16,0.244,Alan’s Apple Watch
2022-01-06 09:14:17,0.244,Alan’s Apple Watch
2022-01-06 09:14:18,0.244,Alan’s Apple Watch
2022-01-06 09:14:19,0.244,Alan’s Apple Watch
2022-01-06 09:14:20,0.244,Alan’s Apple Watch
2022-01-06 09:14:21,0.244,Alan’s Apple Watch
2022-01-06 09:14:22,0.244,Alan’s Apple Watch
2022-01-06 09:14:23,0.244,Alan’s Apple Watch
2022-01-06 09:14:24,0.244,Alan’s Apple Watch
2022-01-06 09:14:25,0.244,Alan’s Apple Watch
2022-01-06 09:14:26,0.244,Alan’s Apple Watch
2022-01-06 09:14:27,0.244,Alan’s Apple Watch
2022-01-06 09:14:28,0.244,Alan’s Apple Watch
2022-01-06 09:14:29,0.244,Alan’s Apple Watch
2022-01-06 09:14:30,0.244,Alan’s Apple Watch
2022-01-06 09:14:31,0.259,Alan’s Apple Watch
2022-01-06 09:14:32,0.308,Alan’s Apple Watch
2022-01-06 09:14:33,0.308,Alan’s Apple Watch
2022-01-06 09:14:34,0.308,Alan’s Apple Watch
2022-01-06 09:14:35,0.308,Alan’s Apple Watch
2022-01-06 09:14:36,0.308,Alan’s Apple Watch
2022-01-06 09:14:37,0.308,Alan’s Apple Watch
2022-01-06 09:14:38,0.308,Alan’s Apple Watch
2022-01-06 09:14:39,0.308,Alan’s Apple Watch
2022-01-06 09:14:40,0.308,Alan’s Apple Watch
2022-01-06 09:14:41,0.308,Alan’s Apple Watch
2022-01-06 09:14:42,0.308,Alan’s Apple Watch
2022-01-06 09:14:43,0.308,Alan’s Apple Watch
2022-01-06 09:14:44,0.308,Alan’s Apple Watch
2022-01-06 09:14:45,0.308,Alan’s Apple Watch
2022-01-06 09:14:46,0.308,Alan’s Apple Watch
2022-01-06 09:14:47,0.308,Alan’s Apple Watch
2022-01-06 09:14:48,0.308,Alan’s Apple Watch
2022-01-06 09:14:49,0.308,Alan’s Apple Watch
2022-01-06 09:14:50,0.308,Alan’s Apple Watch
2022-01-06 09:14:51,0.35,Alan’s Apple Watch
2022-01-06 09:14:52,0.364,Alan’s Apple Watch
2022-01-06 09:14:53,0.364,Alan’s Apple Watch
2022-01-06 09:14:54,0.364,Alan’s Apple Watch
2022-01-06 09:14:55,0.364,Alan’s Apple Watch
2022-01-06 09:14:56,0.364,Alan’s Apple Watch
2022-01-06 09:14:57,0.364,Alan’s Apple Watch
2022-01-06 09:14:58,0.364,Alan’s Apple Watch
2022-01-06 09:14:59,0.364,Alan’s Apple Watch
2022-01-06 09:15:00,0.364,Alan’s Apple Watch
2022-01-06 09:15:01,0.364,Alan’s Apple Watch
2022-01-06 09:15:02,0.364,Alan’s Apple Watch
2022-01-06 09:15:03,0.364,Alan’s Apple Watch
2022-01-06 09:15:04,0.364,Alan’s Apple Watch
2022-01-06 09:15:05,0.364,Alan’s Apple Watch
2022-01-06 09:15:06,0.364,Alan’s Apple Watch
2022-01-06 09:15:07,0.364,Alan’s Apple Watch
2022-01-06 09:15:08,0.364,Alan’s Apple Watch
2022-01-06 09:15:09,0.364,Alan’s Apple Watch
2022-01-06 09:15:10,0.364,Alan’s Apple Watch
2022-01-06 09:15:11,0.364,Alan’s Apple Watch
2022-01-06 09:15:12,0.364,Alan’s Apple Watch
2022-01-06 09:15:13,0.386,Alan’s Apple Watch
2022-01-06 09:15:14,0.392,Alan’s Apple Watch
2022-01-06 09:15:15,0.392,Alan’s Apple Watch
2022-01-06 09:15:16,0.392,Alan’s Apple Watch
2022-01-06 09:15:17,0.392,Alan’s Apple Watch
2022-01-06 09:15:18,0.392,Alan’s Apple Watch
2022-01-06 09:15:19,0.392,Alan’s Apple Watch
2022-01-06 09:15:20,0.392,Alan’s Apple Watch
2022-01-06 09:15:21,0.392,Alan’s Apple Watch
2022-01-06 09:15:22,0.392,Alan’s Apple Watch
2022-01-06 09:15:23,0.392,Alan’s Apple Watch
2022-01-06 09:15:24,0.392,Alan’s Apple Watch
2022-01-06 09:15:25,0.392,Alan’s Apple Watch
2022-01-06 09:15:26,0.392,Alan’s Apple Watch
2022-01-06 09:15:27,0.392,Alan’s Apple Watch
2022-01-06 09:15:28,0.392,Alan’s Apple Watch
2022-01-06 09:15:29,0.392,Alan’s Apple Watch
2022-01-06 09:15:30,0.392,Alan’s Apple Watch
2022-01-06 09:15:31,0.392,Alan’s Apple Watch
2022-01-06 09:15:32,0.392,Alan’s Apple Watch
2022-01-06 09:15:33,0.252,Alan’s Apple Watch
2022-01-06 09:15:38,0.108,Alan’s Apple Watch
2022-01-06 09:15:39,0.48,Alan’s Apple Watch
2022-01-06 09:15:40,0.48,Alan’s Apple Watch
2022-01-06 09:15:41,0.48,Alan’s Apple Watch
2022-01-06 09:15:42,0.48,Alan’s Apple Watch
2022-01-06 09:15:43,0.48,Alan’s Apple Watch
2022-01-06 09:15:44,0.48,Alan’s Apple Watch
2022-01-06 09:15:45,0.48,Alan’s Apple Watch
2022-01-06 09:15:46,0.48,Alan’s Apple Watch
2022-01-06 09:15:47,0.48,Alan’s Apple Watch
2022-01-06 09:15:48,0.48,Alan’s Apple Watch
2022-01-06 09:15:49,0.094,Alan’s Apple Watch
2022-01-06 09:16:05,0.215,Alan’s Apple Watch
2022-01-06 09:16:06,0.253,Alan’s Apple Watch
2022-01-06 09:16:07,0.253,Alan’s Apple Watch
2022-01-06 09:16:08,0.253,Alan’s Apple Watch
2022-01-06 09:16:09,0.253,Alan’s Apple Watch
2022-01-06 09:16:10,0.253,Alan’s Apple Watch
2022-01-06 09:16:11,0.253,Alan’s Apple Watch
2022-01-06 09:16:12,0.253,Alan’s Apple Watch
2022-01-06 09:16:13,0.253,Alan’s Apple Watch
2022-01-06 09:16:14,0.253,Alan’s Apple Watch
2022-01-06 09:16:15,0.253,Alan’s Apple Watch
2022-01-06 09:16:16,0.253,Alan’s Apple Watch
2022-01-06 09:16:17,0.253,Alan’s Apple Watch
2022-01-06 09:16:18,0.253,Alan’s Apple Watch
2022-01-06 09:16:19,0.253,Alan’s Apple Watch
2022-01-06 09:16:20,0.253,Alan’s Apple Watch
2022-01-06 09:16:21,0.253,Alan’s Apple Watch
2022-01-06 09:16:22,0.253,Alan’s Apple Watch
2022-01-06 09:16:23,0.253,Alan’s Apple Watch
2022-01-06 09:16:24,0.253,Alan’s Apple Watch
2022-01-06 09:16:25,0.253,Alan’s Apple Watch
2022-01-06 09:16:26,0.253,Alan’s Apple Watch
2022-01-06 09:16:27,0.253,Alan’s Apple Watch
2022-01-06 09:16:28,0.253,Alan’s Apple Watch
2022-01-06 09:16:29,0.253,Alan’s Apple Watch
2022-01-06 09:16:30,0.253,Alan’s Apple Watch
2022-01-06 09:16:31,0.253,Alan’s Apple Watch
2022-01-06 09:16:32,0.205,Alan’s Apple Watch
2022-01-06 09:18:50,0.133,Alan’s Apple Watch
2022-01-06 09:18:51,0.397,Alan’s Apple Watch
2022-01-06 09:18:52,0.397,Alan’s Apple Watch
2022-01-06 09:18:53,0.397,Alan’s Apple Watch
2022-01-06 09:18:54,0.397,Alan’s Apple Watch
2022-01-06 09:18:55,0.397,Alan’s Apple Watch
2022-01-06 09:18:56,0.397,Alan’s Apple Watch
2022-01-06 09:18:57,0.397,Alan’s Apple Watch
2022-01-06 09:18:58,0.397,Alan’s Apple Watch
2022-01-06 09:18:59,0.397,Alan’s Apple Watch
2022-01-06 09:19:00,0.397,Alan’s Apple Watch
2022-01-06 09:19:01,0.397,Alan’s Apple Watch
2022-01-06 09:19:02,0.397,Alan’s Apple Watch
2022-01-06 09:19:03,0.397,Alan’s Apple Watch
2022-01-06 09:19:04,0.397,Alan’s Apple Watch
2022-01-06 09:19:05,0.397,Alan’s Apple Watch
2022-01-06 09:19:06,0.397,Alan’s Apple Watch
2022-01-06 09:19:07,0.397,Alan’s Apple Watch
2022-01-06 09:19:08,0.121,Alan’s Apple Watch
2022-01-06 09:19:14,0.398,Alan’s Apple Watch
2022-01-06 09:19:15,0.402,Alan’s Apple Watch
2022-01-06 09:19:16,0.402,Alan’s Apple Watch
2022-01-06 09:19:17,0.402,Alan’s Apple Watch
2022-01-06 09:19:18,0.402,Alan’s Apple Watch
2022-01-06 09:19:19,0.402,Alan’s Apple Watch
2022-01-06 09:19:20,0.402,Alan’s Apple Watch
2022-01-06 09:19:21,0.402,Alan’s Apple Watch
2022-01-06 09:19:22,0.402,Alan’s Apple Watch
2022-01-06 09:19:23,0.402,Alan’s Apple Watch
2022-01-06 09:19:24,0.402,Alan’s Apple Watch
2022-01-06 09:19:25,0.402,Alan’s Apple Watch
2022-01-06 09:19:26,0.184,Alan’s Apple Watch
2022-01-06 09:19:32,0.321,Alan’s Apple Watch
2022-01-06 09:19:33,0.335,Alan’s Apple Watch
2022-01-06 09:19:34,0.335,Alan’s Apple Watch
2022-01-06 09:19:35,0.335,Alan’s Apple Watch
2022-01-06 09:19:36,0.335,Alan’s Apple Watch
2022-01-06 09:19:37,0.335,Alan’s Apple Watch
2022-01-06 09:19:38,0.335,Alan’s Apple Watch
2022-01-06 09:19:39,0.335,Alan’s Apple Watch
2022-01-06 09:19:40,0.335,Alan’s Apple Watch
2022-01-06 09:19:41,0.335,Alan’s Apple Watch
2022-01-06 09:19:42,0.335,Alan’s Apple Watch
2022-01-06 09:19:43,0.335,Alan’s Apple Watch
2022-01-06 09:19:44,0.335,Alan’s Apple Watch
2022-01-06 09:19:45,0.335,Alan’s Apple Watch
2022-01-06 09:19:46,0.325,Alan’s Apple Watch
2022-01-06 09:19:52,0.013,Alan’s Apple Watch
2022-01-06 09:19:53,0.204,Alan’s Apple Watch
2022-01-06 09:19:54,0.204,Alan’s Apple Watch
2022-01-06 09:19:55,0.204,Alan’s Apple Watch
2022-01-06 09:19:56,0.204,Alan’s Apple Watch
2022-01-06 09:19:57,0.204,Alan’s Apple Watch
2022-01-06 09:19:58,0.204,Alan’s Apple Watch
2022-01-06 09:19:59,0.204,Alan’s Apple Watch
2022-01-06 09:20:00,0.204,Alan’s Apple Watch
2022-01-06 09:20:01,0.204,Alan’s Apple Watch
2022-01-06 09:20:02,0.204,Alan’s Apple Watch
2022-01-06 09:20:03,0.204,Alan’s Apple Watch
2022-01-06 09:20:04,0.204,Alan’s Apple Watch
2022-01-06 09:20:05,0.204,Alan’s Apple Watch
2022-01-06 09:20:06,0.204,Alan’s Apple Watch
2022-01-06 09:20:07,0.204,Alan’s Apple Watch
2022-01-06 09:20:08,0.204,Alan’s Apple Watch
2022-01-06 09:20:09,0.204,Alan’s Apple Watch
2022-01-06 09:20:10,0.204,Alan’s Apple Watch
2022-01-06 09:20:11,0.204,Alan’s Apple Watch
2022-01-06 09:20:12,0.204,Alan’s Apple Watch
2022-01-06 09:20:13,0.204,Alan’s Apple Watch
2022-01-06 09:20:14,0.204,Alan’s Apple Watch
2022-01-06 09:20:15,0.204,Alan’s Apple Watch
2022-01-06 09:20:16,0.204,Alan’s Apple Watch
2022-01-06 09:20:17,0.204,Alan’s Apple Watch
2022-01-06 09:20:18,0.204,Alan’s Apple Watch
2022-01-06 09:20:19,0.204,Alan’s Apple Watch
2022-01-06 09:20:20,0.204,Alan’s Apple Watch
2022-01-06 09:20:21,0.204,Alan’s Apple Watch
2022-01-06 09:20:22,0.204,Alan’s Apple Watch
2022-01-06 09:20:23,0.204,Alan’s Apple Watch
2022-01-06 09:20:24,0.204,Alan’s Apple Watch
2022-01-06 09:20:25,0.204,Alan’s Apple Watch
2022-01-06 09:20:26,0.204,Alan’s Apple Watch
2022-01-06 09:20:27,0.057,Alan’s Apple Watch
2022-01-06 09:20:56,0.192,Alan’s Apple Watch
2022-01-06 09:20:57,0.563,Alan’s Apple Watch
2022-01-06 09:20:58,0.563,Alan’s Apple Watch
2022-01-06 09:20:59,0.563,Alan’s Apple Watch
2022-01-06 09:21:00,0.563,Alan’s Apple Watch
2022-01-06 09:21:01,0.563,Alan’s Apple Watch
2022-01-06 09:21:02,0.563,Alan’s Apple Watch
2022-01-06 09:21:03,0.563,Alan’s Apple Watch
2022-01-06 09:21:04,0.563,Alan’s Apple Watch
2022-01-06 09:21:05,0.563,Alan’s Apple Watch
2022-01-06 09:21:06,0.563,Alan’s Apple Watch
2022-01-06 09:21:07,0.563,Alan’s Apple Watch
2022-01-06 09:21:08,0.563,Alan’s Apple Watch
2022-01-06 09:21:09,0.563,Alan’s Apple Watch
2022-01-06 09:21:10,0.563,Alan’s Apple Watch
2022-01-06 09:21:11,0.563,Alan’s Apple Watch
2022-01-06 09:21:12,0.563,Alan’s Apple Watch
2022-01-06 09:21:13,0.563,Alan’s Apple Watch
2022-01-06 09:21:14,0.563,Alan’s Apple Watch
2022-01-06 09:21:15,0.563,Alan’s Apple Watch
2022-01-06 09:21:16,0.563,Alan’s Apple Watch
2022-01-06 09:21:17,0.554,Alan’s Apple Watch
2022-01-06 09:21:46,0.043,Alan’s Apple Watch
2022-01-06 09:21:47,0.39,Alan’s Apple Watch
2022-01-06 09:21:48,0.39,Alan’s Apple Watch
2022-01-06 09:21:49,0.39,Alan’s Apple Watch
2022-01-06 09:21:50,0.39,Alan’s Apple Watch
2022-01-06 09:21:51,0.39,Alan’s Apple Watch
2022-01-06 09:21:52,0.39,Alan’s Apple Watch
2022-01-06 09:21:53,0.39,Alan’s Apple Watch
2022-01-06 09:21:54,0.39,Alan’s Apple Watch
2022-01-06 09:21:55,0.39,Alan’s Apple Watch
2022-01-06 09:21:56,0.39,Alan’s Apple Watch
2022-01-06 09:21:57,0.39,Alan’s Apple Watch
2022-01-06 09:21:58,0.39,Alan’s Apple Watch
2022-01-06 09:21:59,0.39,Alan’s Apple Watch
2022-01-06 09:22:00,0.39,Alan’s Apple Watch
2022-01-06 09:22:01,0.39,Alan’s Apple Watch
2022-01-06 09:22:02,0.39,Alan’s Apple Watch
2022-01-06 09:22:03,0.39,Alan’s Apple Watch
2022-01-06 09:22:04,0.39,Alan’s Apple Watch
2022-01-06 09:22:05,0.39,Alan’s Apple Watch
2022-01-06 09:22:06,0.39,Alan’s Apple Watch
2022-01-06 09:22:07,0.39,Alan’s Apple Watch
2022-01-06 09:22:08,0.39,Alan’s Apple Watch
2022-01-06 09:22:09,0.39,Alan’s Apple Watch
2022-01-06 09:22:10,0.39,Alan’s Apple Watch
2022-01-06 09:22:11,0.39,Alan’s Apple Watch
2022-01-06 09:22:12,0.196,Alan’s Apple Watch
2022-01-06 09:22:17,0.311,Alan’s Apple Watch
2022-01-06 09:22:18,0.59,Alan’s Apple Watch
2022-01-06 09:22:19,0.59,Alan’s Apple Watch
2022-01-06 09:22:20,0.59,Alan’s Apple Watch
2022-01-06 09:22:21,0.59,Alan’s Apple Watch
2022-01-06 09:22:22,0.59,Alan’s Apple Watch
2022-01-06 09:22:23,0.59,Alan’s Apple Watch
2022-01-06 09:22:24,0.147,Alan’s Apple Watch
2022-01-06 09:22:39,0.092,Alan’s Apple Watch
2022-01-06 09:22:40,0.308,Alan’s Apple Watch
2022-01-06 09:22:41,0.308,Alan’s Apple Watch
2022-01-06 09:22:42,0.308,Alan’s Apple Watch
2022-01-06 09:22:43,0.308,Alan’s Apple Watch
2022-01-06 09:22:44,0.308,Alan’s Apple Watch
2022-01-06 09:22:45,0.308,Alan’s Apple Watch
2022-01-06 09:22:46,0.308,Alan’s Apple Watch
2022-01-06 09:22:47,0.308,Alan’s Apple Watch
2022-01-06 09:22:48,0.308,Alan’s Apple Watch
2022-01-06 09:22:49,0.308,Alan’s Apple Watch
2022-01-06 09:22:50,0.308,Alan’s Apple Watch
2022-01-06 09:22:51,0.308,Alan’s Apple Watch
2022-01-06 09:22:52,0.308,Alan’s Apple Watch
2022-01-06 09:22:53,0.308,Alan’s Apple Watch
2022-01-06 09:22:54,0.308,Alan’s Apple Watch
2022-01-06 09:22:55,0.308,Alan’s Apple Watch
2022-01-06 09:22:56,0.308,Alan’s Apple Watch
2022-01-06 09:22:57,0.308,Alan’s Apple Watch
2022-01-06 09:22:58,0.308,Alan’s Apple Watch
2022-01-06 09:22:59,0.308,Alan’s Apple Watch
2022-01-06 09:23:00,0.308,Alan’s Apple Watch
2022-01-06 09:23:01,0.308,Alan’s Apple Watch
2022-01-06 09:23:02,0.121,Alan’s Apple Watch
2022-01-06 09:23:06,0.205,Alan’s Apple Watch
2022-01-06 09:23:07,0.315,Alan’s Apple Watch
2022-01-06 09:23:08,0.315,Alan’s Apple Watch
2022-01-06 09:23:09,0.315,Alan’s Apple Watch
2022-01-06 09:23:10,0.315,Alan’s Apple Watch
2022-01-06 09:23:11,0.315,Alan’s Apple Watch
2022-01-06 09:23:12,0.315,Alan’s Apple Watch
2022-01-06 09:23:13,0.315,Alan’s Apple Watch
2022-01-06 09:23:14,0.315,Alan’s Apple Watch
2022-01-06 09:23:15,0.315,Alan’s Apple Watch
2022-01-06 09:23:16,0.315,Alan’s Apple Watch
2022-01-06 09:23:17,0.315,Alan’s Apple Watch
2022-01-06 09:23:18,0.315,Alan’s Apple Watch
2022-01-06 09:23:19,0.315,Alan’s Apple Watch
2022-01-06 09:23:20,0.315,Alan’s Apple Watch
2022-01-06 09:23:21,0.315,Alan’s Apple Watch
2022-01-06 09:23:22,0.076,Alan’s Apple Watch
2022-01-06 09:24:38,0.384,Alan’s Apple Watch
2022-01-06 09:24:39,0.93,Alan’s Apple Watch
2022-01-06 09:24:40,0.93,Alan’s Apple Watch
2022-01-06 09:24:41,0.93,Alan’s Apple Watch
2022-01-06 09:24:42,0.93,Alan’s Apple Watch
2022-01-06 09:24:43,0.93,Alan’s Apple Watch
2022-01-06 09:24:44,0.93,Alan’s Apple Watch
2022-01-06 09:24:45,0.93,Alan’s Apple Watch
2022-01-06 09:24:46,0.93,Alan’s Apple Watch
2022-01-06 09:24:47,0.93,Alan’s Apple Watch
2022-01-06 09:24:48,0.93,Alan’s Apple Watch
2022-01-06 09:24:49,0.93,Alan’s Apple Watch
2022-01-06 09:24:50,0.93,Alan’s Apple Watch
2022-01-06 09:24:51,0.93,Alan’s Apple Watch
2022-01-06 09:24:52,0.93,Alan’s Apple Watch
2022-01-06 09:24:53,0.93,Alan’s Apple Watch
2022-01-06 09:24:54,0.93,Alan’s Apple Watch
2022-01-06 09:24:55,0.93,Alan’s Apple Watch
2022-01-06 09:24:56,0.8,Alan’s Apple Watch
2022-01-06 09:25:00,0.286,Alan’s Apple Watch
2022-01-06 09:25:01,0.368,Alan’s Apple Watch
2022-01-06 09:25:02,0.368,Alan’s Apple Watch
2022-01-06 09:25:03,0.368,Alan’s Apple Watch
2022-01-06 09:25:04,0.368,Alan’s Apple Watch
2022-01-06 09:25:05,0.368,Alan’s Apple Watch
2022-01-06 09:25:06,0.368,Alan’s Apple Watch
2022-01-06 09:25:07,0.368,Alan’s Apple Watch
2022-01-06 09:25:08,0.368,Alan’s Apple Watch
2022-01-06 09:25:09,0.368,Alan’s Apple Watch
2022-01-06 09:25:10,0.368,Alan’s Apple Watch
2022-01-06 09:25:11,0.368,Alan’s Apple Watch
2022-01-06 09:25:12,0.368,Alan’s Apple Watch
2022-01-06 09:25:13,0.294,Alan’s Apple Watch
2022-01-06 09:25:18,0.114,Alan’s Apple Watch
2022-01-06 09:25:19,0.365,Alan’s Apple Watch
2022-01-06 09:25:20,0.365,Alan’s Apple Watch
2022-01-06 09:25:21,0.365,Alan’s Apple Watch
2022-01-06 09:25:22,0.365,Alan’s Apple Watch
2022-01-06 09:25:23,0.365,Alan’s Apple Watch
2022-01-06 09:25:24,0.365,Alan’s Apple Watch
2022-01-06 09:25:25,0.365,Alan’s Apple Watch
2022-01-06 09:25:26,0.365,Alan’s Apple Watch
2022-01-06 09:25:27,0.365,Alan’s Apple Watch
2022-01-06 09:25:28,0.365,Alan’s Apple Watch
2022-01-06 09:25:29,0.365,Alan’s Apple Watch
2022-01-06 09:25:30,0.365,Alan’s Apple Watch
2022-01-06 09:25:31,0.365,Alan’s Apple Watch
2022-01-06 09:25:32,0.143,Alan’s Apple Watch
2022-01-06 09:25:35,0.057,Alan’s Apple Watch
2022-01-06 09:25:36,0.345,Alan’s Apple Watch
2022-01-06 09:25:37,0.345,Alan’s Apple Watch
2022-01-06 09:25:38,0.345,Alan’s Apple Watch
2022-01-06 09:25:39,0.345,Alan’s Apple Watch
2022-01-06 09:25:40,0.345,Alan’s Apple Watch
2022-01-06 09:25:41,0.345,Alan’s Apple Watch
2022-01-06 09:25:42,0.345,Alan’s Apple Watch
2022-01-06 09:25:43,0.345,Alan’s Apple Watch
2022-01-06 09:25:44,0.345,Alan’s Apple Watch
2022-01-06 09:25:45,0.345,Alan’s Apple Watch
2022-01-06 09:25:46,0.345,Alan’s Apple Watch
2022-01-06 09:25:47,0.345,Alan’s Apple Watch
2022-01-06 09:25:48,0.345,Alan’s Apple Watch
2022-01-06 09:25:49,0.345,Alan’s Apple Watch
2022-01-06 09:25:50,0.118,Alan’s Apple Watch
2022-01-06 09:26:06,0.072,Alan’s Apple Watch
2022-01-06 09:26:07,0.554,Alan’s Apple Watch
2022-01-06 09:26:08,0.554,Alan’s Apple Watch
2022-01-06 09:26:09,0.554,Alan’s Apple Watch
2022-01-06 09:26:10,0.554,Alan’s Apple Watch
2022-01-06 09:26:11,0.554,Alan’s Apple Watch
2022-01-06 09:26:12,0.554,Alan’s Apple Watch
2022-01-06 09:26:13,0.554,Alan’s Apple Watch
2022-01-06 09:26:14,0.554,Alan’s Apple Watch
2022-01-06 09:26:15,0.554,Alan’s Apple Watch
2022-01-06 09:26:16,0.554,Alan’s Apple Watch
2022-01-06 09:26:17,0.554,Alan’s Apple Watch
2022-01-06 09:26:18,0.554,Alan’s Apple Watch
2022-01-06 09:26:19,0.554,Alan’s Apple Watch
2022-01-06 09:26:20,0.554,Alan’s Apple Watch
2022-01-06 09:26:21,0.554,Alan’s Apple Watch
2022-01-06 09:26:22,0.554,Alan’s Apple Watch
2022-01-06 09:26:23,0.554,Alan’s Apple Watch
2022-01-06 09:26:24,0.511,Alan’s Apple Watch
2022-01-06 09:26:31,0.087,Alan’s Apple Watch
2022-01-06 09:26:32,0.311,Alan’s Apple Watch
2022-01-06 09:26:33,0.311,Alan’s Apple Watch
2022-01-06 09:26:34,0.311,Alan’s Apple Watch
2022-01-06 09:26:35,0.311,Alan’s Apple Watch
2022-01-06 09:26:36,0.311,Alan’s Apple Watch
2022-01-06 09:26:37,0.311,Alan’s Apple Watch
2022-01-06 09:26:38,0.311,Alan’s Apple Watch
2022-01-06 09:26:39,0.311,Alan’s Apple Watch
2022-01-06 09:26:40,0.311,Alan’s Apple Watch
2022-01-06 09:26:41,0.311,Alan’s Apple Watch
2022-01-06 09:26:42,0.311,Alan’s Apple Watch
2022-01-06 09:26:43,0.311,Alan’s Apple Watch
2022-01-06 09:26:44,0.311,Alan’s Apple Watch
2022-01-06 09:26:45,0.311,Alan’s Apple Watch
2022-01-06 09:26:46,0.311,Alan’s Apple Watch
2022-01-06 09:26:47,0.311,Alan’s Apple Watch
2022-01-06 09:26:48,0.311,Alan’s Apple Watch
2022-01-06 09:26:49,0.311,Alan’s Apple Watch
2022-01-06 09:26:50,0.311,Alan’s Apple Watch
2022-01-06 09:26:51,0.311,Alan’s Apple Watch
2022-01-06 09:26:52,0.311,Alan’s Apple Watch
2022-01-06 09:26:53,0.311,Alan’s Apple Watch
2022-01-06 09:26:54,0.081,Alan’s Apple Watch
2022-01-06 09:27:04,0.2,Alan’s Apple Watch
2022-01-06 09:27:05,0.401,Alan’s Apple Watch
2022-01-06 09:27:06,0.401,Alan’s Apple Watch
2022-01-06 09:27:07,0.401,Alan’s Apple Watch
2022-01-06 09:27:08,0.401,Alan’s Apple Watch
2022-01-06 09:27:09,0.401,Alan’s Apple Watch
2022-01-06 09:27:10,0.401,Alan’s Apple Watch
2022-01-06 09:27:11,0.401,Alan’s Apple Watch
2022-01-06 09:27:12,0.401,Alan’s Apple Watch
2022-01-06 09:27:13,0.401,Alan’s Apple Watch
2022-01-06 09:27:14,0.401,Alan’s Apple Watch
2022-01-06 09:27:15,0.401,Alan’s Apple Watch
2022-01-06 09:27:16,0.393,Alan’s Apple Watch
2022-01-06 09:28:15,0.28,Alan’s Apple Watch
2022-01-06 09:28:16,0.339,Alan’s Apple Watch
2022-01-06 09:28:17,0.339,Alan’s Apple Watch
2022-01-06 09:28:18,0.339,Alan’s Apple Watch
2022-01-06 09:28:19,0.339,Alan’s Apple Watch
2022-01-06 09:28:20,0.339,Alan’s Apple Watch
2022-01-06 09:28:21,0.339,Alan’s Apple Watch
2022-01-06 09:28:22,0.339,Alan’s Apple Watch
2022-01-06 09:28:23,0.339,Alan’s Apple Watch
2022-01-06 09:28:24,0.339,Alan’s Apple Watch
2022-01-06 09:28:25,0.339,Alan’s Apple Watch
2022-01-06 09:28:26,0.339,Alan’s Apple Watch
2022-01-06 09:28:27,0.339,Alan’s Apple Watch
2022-01-06 09:28:28,0.339,Alan’s Apple Watch
2022-01-06 09:28:29,0.339,Alan’s Apple Watch
2022-01-06 09:28:30,0.339,Alan’s Apple Watch
2022-01-06 09:28:31,0.339,Alan’s Apple Watch
2022-01-06 09:28:32,0.339,Alan’s Apple Watch
2022-01-06 09:28:33,0.339,Alan’s Apple Watch
2022-01-06 09:28:34,0.339,Alan’s Apple Watch
2022-01-06 09:28:35,0.339,Alan’s Apple Watch
2022-01-06 09:28:36,0.339,Alan’s Apple Watch
2022-01-06 09:28:37,0.339,Alan’s Apple Watch
2022-01-06 09:28:38,0.258,Alan’s Apple Watch
2022-01-06 09:28:39,0.459,Alan’s Apple Watch
2022-01-06 09:28:40,0.687,Alan’s Apple Watch
2022-01-06 09:28:41,0.687,Alan’s Apple Watch
2022-01-06 09:28:42,0.687,Alan’s Apple Watch
2022-01-06 09:28:43,0.687,Alan’s Apple Watch
2022-01-06 09:28:44,0.687,Alan’s Apple Watch
2022-01-06 09:28:45,0.687,Alan’s Apple Watch
2022-01-06 09:28:46,0.687,Alan’s Apple Watch
2022-01-06 09:28:47,0.687,Alan’s Apple Watch
2022-01-06 09:28:48,0.687,Alan’s Apple Watch
2022-01-06 09:28:49,0.687,Alan’s Apple Watch
2022-01-06 09:28:50,0.687,Alan’s Apple Watch
2022-01-06 09:28:51,0.687,Alan’s Apple Watch
2022-01-06 09:28:52,0.687,Alan’s Apple Watch
2022-01-06 09:28:53,0.687,Alan’s Apple Watch
2022-01-06 09:28:54,0.687,Alan’s Apple Watch
2022-01-06 09:28:55,0.238,Alan’s Apple Watch
2022-01-06 09:29:33,0.53,Alan’s Apple Watch
2022-01-06 09:29:34,0.705,Alan’s Apple Watch
2022-01-06 09:29:35,0.705,Alan’s Apple Watch
2022-01-06 09:29:36,0.705,Alan’s Apple Watch
2022-01-06 09:29:37,0.705,Alan’s Apple Watch
2022-01-06 09:29:38,0.705,Alan’s Apple Watch
2022-01-06 09:29:39,0.705,Alan’s Apple Watch
2022-01-06 09:29:40,0.705,Alan’s Apple Watch
2022-01-06 09:29:41,0.705,Alan’s Apple Watch
2022-01-06 09:29:42,0.705,Alan’s Apple Watch
2022-01-06 09:29:43,0.705,Alan’s Apple Watch
2022-01-06 09:29:44,0.705,Alan’s Apple Watch
2022-01-06 09:29:45,0.705,Alan’s Apple Watch
2022-01-06 09:29:46,0.705,Alan’s Apple Watch
2022-01-06 09:29:47,0.705,Alan’s Apple Watch
2022-01-06 09:29:48,0.705,Alan’s Apple Watch
2022-01-06 09:29:49,0.705,Alan’s Apple Watch
2022-01-06 09:29:50,0.188,Alan’s Apple Watch
2022-01-06 09:30:07,0.215,Alan’s Apple Watch
2022-01-06 09:30:08,0.626,Alan’s Apple Watch
2022-01-06 09:30:09,0.626,Alan’s Apple Watch
2022-01-06 09:30:10,0.626,Alan’s Apple Watch
2022-01-06 09:30:11,0.626,Alan’s Apple Watch
2022-01-06 09:30:12,0.626,Alan’s Apple Watch
2022-01-06 09:30:13,0.626,Alan’s Apple Watch
2022-01-06 09:30:14,0.626,Alan’s Apple Watch
2022-01-06 09:30:15,0.626,Alan’s Apple Watch
2022-01-06 09:30:16,0.626,Alan’s Apple Watch
2022-01-06 09:30:17,0.153,Alan’s Apple Watch
2022-01-06 09:34:16,0.041,Alan’s Apple Watch
2022-01-06 09:34:17,0.304,Alan’s Apple Watch
2022-01-06 09:34:18,0.304,Alan’s Apple Watch
2022-01-06 09:34:19,0.304,Alan’s Apple Watch
2022-01-06 09:34:20,0.304,Alan’s Apple Watch
2022-01-06 09:34:21,0.304,Alan’s Apple Watch
2022-01-06 09:34:22,0.304,Alan’s Apple Watch
2022-01-06 09:34:23,0.304,Alan’s Apple Watch
2022-01-06 09:34:24,0.304,Alan’s Apple Watch
2022-01-06 09:34:25,0.304,Alan’s Apple Watch
2022-01-06 09:34:26,0.304,Alan’s Apple Watch
2022-01-06 09:34:27,0.304,Alan’s Apple Watch
2022-01-06 09:34:28,0.304,Alan’s Apple Watch
2022-01-06 09:34:29,0.304,Alan’s Apple Watch
2022-01-06 09:34:30,0.304,Alan’s Apple Watch
2022-01-06 09:34:31,0.304,Alan’s Apple Watch
2022-01-06 09:34:32,0.304,Alan’s Apple Watch
2022-01-06 09:34:33,0.304,Alan’s Apple Watch
2022-01-06 09:34:34,0.304,Alan’s Apple Watch
2022-01-06 09:34:35,0.304,Alan’s Apple Watch
2022-01-06 09:34:36,0.304,Alan’s Apple Watch
2022-01-06 09:34:37,0.304,Alan’s Apple Watch
2022-01-06 09:34:38,0.304,Alan’s Apple Watch
2022-01-06 09:34:39,0.304,Alan’s Apple Watch
2022-01-06 09:34:40,0.304,Alan’s Apple Watch
2022-01-06 09:34:41,0.304,Alan’s Apple Watch
2022-01-06 09:34:42,0.304,Alan’s Apple Watch
2022-01-06 09:34:43,0.052,Alan’s Apple Watch
2022-01-06 09:35:06,0.307,Alan’s Apple Watch
2022-01-06 09:35:07,0.422,Alan’s Apple Watch
2022-01-06 09:35:08,0.422,Alan’s Apple Watch
2022-01-06 09:35:09,0.422,Alan’s Apple Watch
2022-01-06 09:35:10,0.422,Alan’s Apple Watch
2022-01-06 09:35:11,0.422,Alan’s Apple Watch
2022-01-06 09:35:12,0.422,Alan’s Apple Watch
2022-01-06 09:35:13,0.422,Alan’s Apple Watch
2022-01-06 09:35:14,0.422,Alan’s Apple Watch
2022-01-06 09:35:15,0.422,Alan’s Apple Watch
2022-01-06 09:35:16,0.422,Alan’s Apple Watch
2022-01-06 09:35:17,0.422,Alan’s Apple Watch
2022-01-06 09:35:18,0.422,Alan’s Apple Watch
2022-01-06 09:35:19,0.422,Alan’s Apple Watch
2022-01-06 09:35:20,0.422,Alan’s Apple Watch
2022-01-06 09:35:21,0.422,Alan’s Apple Watch
2022-01-06 09:35:22,0.422,Alan’s Apple Watch
2022-01-06 09:35:23,0.422,Alan’s Apple Watch
2022-01-06 09:35:24,0.422,Alan’s Apple Watch
2022-01-06 09:35:25,0.422,Alan’s Apple Watch
2022-01-06 09:35:26,0.422,Alan’s Apple Watch
2022-01-06 09:35:27,0.422,Alan’s Apple Watch
2022-01-06 09:35:28,0.422,Alan’s Apple Watch
2022-01-06 09:35:29,0.422,Alan’s Apple Watch
2022-01-06 09:35:30,0.422,Alan’s Apple Watch
2022-01-06 09:35:31,0.422,Alan’s Apple Watch
2022-01-06 09:35:32,0.422,Alan’s Apple Watch
2022-01-06 09:35:33,0.422,Alan’s Apple Watch
2022-01-06 09:35:34,0.422,Alan’s Apple Watch
2022-01-06 09:35:35,0.422,Alan’s Apple Watch
2022-01-06 09:35:36,0.422,Alan’s Apple Watch
2022-01-06 09:35:37,0.422,Alan’s Apple Watch
2022-01-06 09:35:38,0.422,Alan’s Apple Watch
2022-01-06 09:35:39,0.18,Alan’s Apple Watch
2022-01-06 09:35:41,0.008,Alan’s Apple Watch
2022-01-06 09:35:42,0.246,Alan’s Apple Watch
2022-01-06 09:35:43,0.246,Alan’s Apple Watch
2022-01-06 09:35:44,0.246,Alan’s Apple Watch
2022-01-06 09:35:45,0.246,Alan’s Apple Watch
2022-01-06 09:35:46,0.246,Alan’s Apple Watch
2022-01-06 09:35:47,0.246,Alan’s Apple Watch
2022-01-06 09:35:48,0.246,Alan’s Apple Watch
2022-01-06 09:35:49,0.246,Alan’s Apple Watch
2022-01-06 09:35:50,0.246,Alan’s Apple Watch
2022-01-06 09:35:51,0.246,Alan’s Apple Watch
2022-01-06 09:35:52,0.246,Alan’s Apple Watch
2022-01-06 09:35:53,0.246,Alan’s Apple Watch
2022-01-06 09:35:54,0.246,Alan’s Apple Watch
2022-01-06 09:35:55,0.246,Alan’s Apple Watch
2022-01-06 09:35:56,0.246,Alan’s Apple Watch
2022-01-06 09:35:57,0.246,Alan’s Apple Watch
2022-01-06 09:35:58,0.246,Alan’s Apple Watch
2022-01-06 09:35:59,0.246,Alan’s Apple Watch
2022-01-06 09:36:00,0.246,Alan’s Apple Watch
2022-01-06 09:36:01,0.246,Alan’s Apple Watch
2022-01-06 09:36:02,0.076,Alan’s Apple Watch
2022-01-06 09:36:53,0.091,Alan’s Apple Watch
2022-01-06 09:36:54,0.241,Alan’s Apple Watch
2022-01-06 09:36:55,0.241,Alan’s Apple Watch
2022-01-06 09:36:56,0.241,Alan’s Apple Watch
2022-01-06 09:36:57,0.241,Alan’s Apple Watch
2022-01-06 09:36:58,0.241,Alan’s Apple Watch
2022-01-06 09:36:59,0.241,Alan’s Apple Watch
2022-01-06 09:37:00,0.241,Alan’s Apple Watch
2022-01-06 09:37:01,0.241,Alan’s Apple Watch
2022-01-06 09:37:02,0.241,Alan’s Apple Watch
2022-01-06 09:37:03,0.241,Alan’s Apple Watch
2022-01-06 09:37:04,0.241,Alan’s Apple Watch
2022-01-06 09:37:05,0.241,Alan’s Apple Watch
2022-01-06 09:37:06,0.241,Alan’s Apple Watch
2022-01-06 09:37:07,0.241,Alan’s Apple Watch
2022-01-06 09:37:08,0.241,Alan’s Apple Watch
2022-01-06 09:37:09,0.241,Alan’s Apple Watch
2022-01-06 09:37:10,0.241,Alan’s Apple Watch
2022-01-06 09:37:11,0.241,Alan’s Apple Watch
2022-01-06 09:37:12,0.241,Alan’s Apple Watch
2022-01-06 09:37:13,0.241,Alan’s Apple Watch
2022-01-06 09:37:14,0.241,Alan’s Apple Watch
2022-01-06 09:37:15,0.241,Alan’s Apple Watch
2022-01-06 09:37:16,0.241,Alan’s Apple Watch
2022-01-06 09:37:17,0.241,Alan’s Apple Watch
2022-01-06 09:37:18,0.241,Alan’s Apple Watch
2022-01-06 09:37:19,0.241,Alan’s Apple Watch
2022-01-06 09:37:20,0.241,Alan’s Apple Watch
2022-01-06 09:37:21,0.241,Alan’s Apple Watch
2022-01-06 09:37:22,0.15,Alan’s Apple Watch
2022-01-06 09:38:31,0.027,Alan’s Apple Watch
2022-01-06 09:38:32,0.626,Alan’s Apple Watch
2022-01-06 09:38:33,0.626,Alan’s Apple Watch
2022-01-06 09:38:34,0.626,Alan’s Apple Watch
2022-01-06 09:38:35,0.626,Alan’s Apple Watch
2022-01-06 09:38:36,0.626,Alan’s Apple Watch
2022-01-06 09:38:37,0.626,Alan’s Apple Watch
2022-01-06 09:38:38,0.626,Alan’s Apple Watch
2022-01-06 09:38:39,0.626,Alan’s Apple Watch
2022-01-06 09:38:40,0.626,Alan’s Apple Watch
2022-01-06 09:38:41,0.626,Alan’s Apple Watch
2022-01-06 09:38:42,0.626,Alan’s Apple Watch
2022-01-06 09:38:43,0.626,Alan’s Apple Watch
2022-01-06 09:38:44,0.626,Alan’s Apple Watch
2022-01-06 09:38:45,0.626,Alan’s Apple Watch
2022-01-06 09:38:46,0.626,Alan’s Apple Watch
2022-01-06 09:38:47,0.626,Alan’s Apple Watch
2022-01-06 09:38:48,0.626,Alan’s Apple Watch
2022-01-06 09:38:49,0.626,Alan’s Apple Watch
2022-01-06 09:38:50,0.626,Alan’s Apple Watch
2022-01-06 09:38:51,0.626,Alan’s Apple Watch
2022-01-06 09:38:52,0.463,Alan’s Apple Watch
2022-01-06 09:39:31,0.27,Alan’s Apple Watch
2022-01-06 09:39:32,0.469,Alan’s Apple Watch
2022-01-06 09:39:33,0.469,Alan’s Apple Watch
2022-01-06 09:39:34,0.469,Alan’s Apple Watch
2022-01-06 09:39:35,0.469,Alan’s Apple Watch
2022-01-06 09:39:36,0.469,Alan’s Apple Watch
2022-01-06 09:39:37,0.469,Alan’s Apple Watch
2022-01-06 09:39:38,0.469,Alan’s Apple Watch
2022-01-06 09:39:39,0.469,Alan’s Apple Watch
2022-01-06 09:39:40,0.469,Alan’s Apple Watch
2022-01-06 09:39:41,0.469,Alan’s Apple Watch
2022-01-06 09:39:42,0.469,Alan’s Apple Watch
2022-01-06 09:39:43,0.469,Alan’s Apple Watch
2022-01-06 09:39:44,0.469,Alan’s Apple Watch
2022-01-06 09:39:45,0.469,Alan’s Apple Watch
2022-01-06 09:39:46,0.469,Alan’s Apple Watch
2022-01-06 09:39:47,0.469,Alan’s Apple Watch
2022-01-06 09:39:48,0.231,Alan’s Apple Watch
2022-01-06 09:41:26,0.525,Alan’s Apple Watch
2022-01-06 09:41:27,0.605,Alan’s Apple Watch
2022-01-06 09:41:28,0.605,Alan’s Apple Watch
2022-01-06 09:41:29,0.605,Alan’s Apple Watch
2022-01-06 09:41:30,0.605,Alan’s Apple Watch
2022-01-06 09:41:31,0.605,Alan’s Apple Watch
2022-01-06 09:41:32,0.605,Alan’s Apple Watch
2022-01-06 09:41:33,0.605,Alan’s Apple Watch
2022-01-06 09:41:34,0.605,Alan’s Apple Watch
2022-01-06 09:41:35,0.605,Alan’s Apple Watch
2022-01-06 09:41:36,0.605,Alan’s Apple Watch
2022-01-06 09:41:37,0.605,Alan’s Apple Watch
2022-01-06 09:41:38,0.605,Alan’s Apple Watch
2022-01-06 09:41:39,0.605,Alan’s Apple Watch
2022-01-06 09:41:40,0.605,Alan’s Apple Watch
2022-01-06 09:41:41,0.605,Alan’s Apple Watch
2022-01-06 09:41:42,0.605,Alan’s Apple Watch
2022-01-06 09:41:43,0.605,Alan’s Apple Watch
2022-01-06 09:41:44,0.605,Alan’s Apple Watch
2022-01-06 09:41:45,0.605,Alan’s Apple Watch
2022-01-06 09:41:46,0.605,Alan’s Apple Watch
2022-01-06 09:41:47,0.605,Alan’s Apple Watch
2022-01-06 09:41:48,0.605,Alan’s Apple Watch
2022-01-06 09:41:49,0.605,Alan’s Apple Watch
2022-01-06 09:41:50,0.605,Alan’s Apple Watch
2022-01-06 09:41:51,0.605,Alan’s Apple Watch
2022-01-06 09:41:52,0.344,Alan’s Apple Watch
2022-01-06 09:42:27,0.363,Alan’s Apple Watch
2022-01-06 09:42:28,0.502,Alan’s Apple Watch
2022-01-06 09:42:29,0.502,Alan’s Apple Watch
2022-01-06 09:42:30,0.502,Alan’s Apple Watch
2022-01-06 09:42:31,0.502,Alan’s Apple Watch
2022-01-06 09:42:32,0.502,Alan’s Apple Watch
2022-01-06 09:42:33,0.502,Alan’s Apple Watch
2022-01-06 09:42:34,0.502,Alan’s Apple Watch
2022-01-06 09:42:35,0.502,Alan’s Apple Watch
2022-01-06 09:42:36,0.502,Alan’s Apple Watch
2022-01-06 09:42:37,0.502,Alan’s Apple Watch
2022-01-06 09:42:38,0.502,Alan’s Apple Watch
2022-01-06 09:42:39,0.502,Alan’s Apple Watch
2022-01-06 09:42:40,0.502,Alan’s Apple Watch
2022-01-06 09:42:41,0.502,Alan’s Apple Watch
2022-01-06 09:42:42,0.502,Alan’s Apple Watch
2022-01-06 09:42:43,0.502,Alan’s Apple Watch
2022-01-06 09:42:44,0.502,Alan’s Apple Watch
2022-01-06 09:42:45,0.502,Alan’s Apple Watch
2022-01-06 09:42:46,0.502,Alan’s Apple Watch
2022-01-06 09:42:47,0.502,Alan’s Apple Watch
2022-01-06 09:42:48,0.502,Alan’s Apple Watch
2022-01-06 09:42:49,0.087,Alan’s Apple Watch
2022-01-06 09:42:51,0.098,Alan’s Apple Watch
2022-01-06 09:42:52,0.275,Alan’s Apple Watch
2022-01-06 09:42:53,0.275,Alan’s Apple Watch
2022-01-06 09:42:54,0.275,Alan’s Apple Watch
2022-01-06 09:42:55,0.275,Alan’s Apple Watch
2022-01-06 09:42:56,0.275,Alan’s Apple Watch
2022-01-06 09:42:57,0.275,Alan’s Apple Watch
2022-01-06 09:42:58,0.275,Alan’s Apple Watch
2022-01-06 09:42:59,0.275,Alan’s Apple Watch
2022-01-06 09:43:00,0.275,Alan’s Apple Watch
2022-01-06 09:43:01,0.275,Alan’s Apple Watch
2022-01-06 09:43:02,0.275,Alan’s Apple Watch
2022-01-06 09:43:03,0.275,Alan’s Apple Watch
2022-01-06 09:43:04,0.275,Alan’s Apple Watch
2022-01-06 09:43:05,0.275,Alan’s Apple Watch
2022-01-06 09:43:06,0.275,Alan’s Apple Watch
2022-01-06 09:43:07,0.275,Alan’s Apple Watch
2022-01-06 09:43:08,0.275,Alan’s Apple Watch
2022-01-06 09:43:09,0.275,Alan’s Apple Watch
2022-01-06 09:43:10,0.275,Alan’s Apple Watch
2022-01-06 09:43:11,0.275,Alan’s Apple Watch
2022-01-06 09:43:12,0.275,Alan’s Apple Watch
2022-01-06 09:43:13,0.275,Alan’s Apple Watch
2022-01-06 09:43:14,0.275,Alan’s Apple Watch
2022-01-06 09:43:15,0.275,Alan’s Apple Watch
2022-01-06 09:43:16,0.275,Alan’s Apple Watch
2022-01-06 09:43:17,0.275,Alan’s Apple Watch
2022-01-06 09:43:18,0.275,Alan’s Apple Watch
2022-01-06 09:43:19,0.275,Alan’s Apple Watch
2022-01-06 09:43:20,0.275,Alan’s Apple Watch
2022-01-06 09:43:21,0.275,Alan’s Apple Watch
2022-01-06 09:43:22,0.275,Alan’s Apple Watch
2022-01-06 09:43:23,0.275,Alan’s Apple Watch
2022-01-06 09:43:24,0.103,Alan’s Apple Watch
2022-01-06 09:44:36,0.102,Alan’s Apple Watch
2022-01-06 09:44:37,0.37,Alan’s Apple Watch
2022-01-06 09:44:38,0.37,Alan’s Apple Watch
2022-01-06 09:44:39,0.37,Alan’s Apple Watch
2022-01-06 09:44:40,0.37,Alan’s Apple Watch
2022-01-06 09:44:41,0.37,Alan’s Apple Watch
2022-01-06 09:44:42,0.37,Alan’s Apple Watch
2022-01-06 09:44:43,0.37,Alan’s Apple Watch
2022-01-06 09:44:44,0.37,Alan’s Apple Watch
2022-01-06 09:44:45,0.37,Alan’s Apple Watch
2022-01-06 09:44:46,0.37,Alan’s Apple Watch
2022-01-06 09:44:47,0.37,Alan’s Apple Watch
2022-01-06 09:44:48,0.37,Alan’s Apple Watch
2022-01-06 09:44:49,0.37,Alan’s Apple Watch
2022-01-06 09:44:50,0.084,Alan’s Apple Watch
2022-01-06 09:45:31,0.183,Alan’s Apple Watch
2022-01-06 09:45:32,0.409,Alan’s Apple Watch
2022-01-06 09:45:33,0.409,Alan’s Apple Watch
2022-01-06 09:45:34,0.409,Alan’s Apple Watch
2022-01-06 09:45:35,0.409,Alan’s Apple Watch
2022-01-06 09:45:36,0.409,Alan’s Apple Watch
2022-01-06 09:45:37,0.409,Alan’s Apple Watch
2022-01-06 09:45:38,0.409,Alan’s Apple Watch
2022-01-06 09:45:39,0.409,Alan’s Apple Watch
2022-01-06 09:45:40,0.409,Alan’s Apple Watch
2022-01-06 09:45:41,0.409,Alan’s Apple Watch
2022-01-06 09:45:42,0.409,Alan’s Apple Watch
2022-01-06 09:45:43,0.409,Alan’s Apple Watch
2022-01-06 09:45:44,0.409,Alan’s Apple Watch
2022-01-06 09:45:45,0.409,Alan’s Apple Watch
2022-01-06 09:45:46,0.409,Alan’s Apple Watch
2022-01-06 09:45:47,0.409,Alan’s Apple Watch
2022-01-06 09:45:48,0.409,Alan’s Apple Watch
2022-01-06 09:45:49,0.409,Alan’s Apple Watch
2022-01-06 09:45:50,0.409,Alan’s Apple Watch
2022-01-06 09:45:51,0.409,Alan’s Apple Watch
2022-01-06 09:45:52,0.409,Alan’s Apple Watch
2022-01-06 09:45:53,0.409,Alan’s Apple Watch
2022-01-06 09:45:54,0.409,Alan’s Apple Watch
2022-01-06 09:45:55,0.409,Alan’s Apple Watch
2022-01-06 09:45:56,0.004,Alan’s Apple Watch
2022-01-06 09:46:07,0.028,Alan’s Apple Watch
2022-01-06 09:46:08,0.125,Alan’s Apple Watch
2022-01-06 09:46:09,0.125,Alan’s Apple Watch
2022-01-06 09:46:10,0.125,Alan’s Apple Watch
2022-01-06 09:46:11,0.125,Alan’s Apple Watch
2022-01-06 09:46:12,0.125,Alan’s Apple Watch
2022-01-06 09:46:13,0.125,Alan’s Apple Watch
2022-01-06 09:46:14,0.125,Alan’s Apple Watch
2022-01-06 09:46:15,0.125,Alan’s Apple Watch
2022-01-06 09:46:16,0.125,Alan’s Apple Watch
2022-01-06 09:46:17,0.125,Alan’s Apple Watch
2022-01-06 09:46:18,0.125,Alan’s Apple Watch
2022-01-06 09:46:19,0.125,Alan’s Apple Watch
2022-01-06 09:46:20,0.125,Alan’s Apple Watch
2022-01-06 09:46:21,0.125,Alan’s Apple Watch
2022-01-06 09:46:22,0.125,Alan’s Apple Watch
2022-01-06 09:46:23,0.125,Alan’s Apple Watch
2022-01-06 09:46:24,0.125,Alan’s Apple Watch
2022-01-06 09:46:25,0.125,Alan’s Apple Watch
2022-01-06 09:46:26,0.125,Alan’s Apple Watch
2022-01-06 09:46:27,0.125,Alan’s Apple Watch
2022-01-06 09:46:28,0.125,Alan’s Apple Watch
2022-01-06 09:46:29,0.125,Alan’s Apple Watch
2022-01-06 09:46:30,0.125,Alan’s Apple Watch
2022-01-06 09:46:31,0.125,Alan’s Apple Watch
2022-01-06 09:46:32,0.125,Alan’s Apple Watch
2022-01-06 09:46:33,0.125,Alan’s Apple Watch
2022-01-06 09:46:34,0.125,Alan’s Apple Watch
2022-01-06 09:46:35,0.125,Alan’s Apple Watch
2022-01-06 09:46:36,0.125,Alan’s Apple Watch
2022-01-06 09:46:37,0.125,Alan’s Apple Watch
2022-01-06 09:46:38,0.125,Alan’s Apple Watch
2022-01-06 09:46:39,0.125,Alan’s Apple Watch
2022-01-06 09:46:40,0.125,Alan’s Apple Watch
2022-01-06 09:46:41,0.125,Alan’s Apple Watch
2022-01-06 09:46:42,0.125,Alan’s Apple Watch
2022-01-06 09:46:43,0.125,Alan’s Apple Watch
2022-01-06 09:46:44,0.125,Alan’s Apple Watch
2022-01-06 09:46:45,0.125,Alan’s Apple Watch
2022-01-06 09:46:46,0.125,Alan’s Apple Watch
2022-01-06 09:46:47,0.125,Alan’s Apple Watch
2022-01-06 09:46:48,0.125,Alan’s Apple Watch
2022-01-06 09:46:49,0.125,Alan’s Apple Watch
2022-01-06 09:46:50,0.125,Alan’s Apple Watch
2022-01-06 09:46:51,0.125,Alan’s Apple Watch
2022-01-06 09:46:52,0.125,Alan’s Apple Watch
2022-01-06 09:46:53,0.125,Alan’s Apple Watch
2022-01-06 09:46:54,0.125,Alan’s Apple Watch
2022-01-06 09:46:55,0.125,Alan’s Apple Watch
2022-01-06 09:46:56,0.125,Alan’s Apple Watch
2022-01-06 09:46:57,0.125,Alan’s Apple Watch
2022-01-06 09:46:58,0.125,Alan’s Apple Watch
2022-01-06 09:46:59,0.125,Alan’s Apple Watch
2022-01-06 09:47:00,0.125,Alan’s Apple Watch
2022-01-06 09:47:01,0.125,Alan’s Apple Watch
2022-01-06 09:47:02,0.125,Alan’s Apple Watch
2022-01-06 09:47:03,0.125,Alan’s Apple Watch
2022-01-06 09:47:04,0.125,Alan’s Apple Watch
2022-01-06 09:47:05,0.125,Alan’s Apple Watch
2022-01-06 09:47:06,0.125,Alan’s Apple Watch
2022-01-06 09:47:07,0.125,Alan’s Apple Watch
2022-01-06 09:47:08,0.125,Alan’s Apple Watch
2022-01-06 09:47:09,0.125,Alan’s Apple Watch
2022-01-06 09:47:10,0.125,Alan’s Apple Watch
2022-01-06 09:47:11,0.125,Alan’s Apple Watch
2022-01-06 09:47:12,0.125,Alan’s Apple Watch
2022-01-06 09:47:13,0.125,Alan’s Apple Watch
2022-01-06 09:47:14,0.125,Alan’s Apple Watch
2022-01-06 09:47:15,0.125,Alan’s Apple Watch
2022-01-06 09:47:16,0.125,Alan’s Apple Watch
2022-01-06 09:47:17,0.125,Alan’s Apple Watch
2022-01-06 09:47:18,0.125,Alan’s Apple Watch
2022-01-06 09:47:19,0.125,Alan’s Apple Watch
2022-01-06 09:47:20,0.125,Alan’s Apple Watch
2022-01-06 09:47:21,0.125,Alan’s Apple Watch
2022-01-06 09:47:22,0.125,Alan’s Apple Watch
2022-01-06 09:47:23,0.125,Alan’s Apple Watch
2022-01-06 09:47:24,0.125,Alan’s Apple Watch
2022-01-06 09:47:25,0.125,Alan’s Apple Watch
2022-01-06 09:47:26,0.125,Alan’s Apple Watch
2022-01-06 09:47:27,0.09,Alan’s Apple Watch
2022-01-06 09:48:01,0.16,Alan’s Apple Watch
2022-01-06 09:48:02,0.412,Alan’s Apple Watch
2022-01-06 09:48:03,0.412,Alan’s Apple Watch
2022-01-06 09:48:04,0.412,Alan’s Apple Watch
2022-01-06 09:48:05,0.412,Alan’s Apple Watch
2022-01-06 09:48:06,0.412,Alan’s Apple Watch
2022-01-06 09:48:07,0.412,Alan’s Apple Watch
2022-01-06 09:48:08,0.412,Alan’s Apple Watch
2022-01-06 09:48:09,0.412,Alan’s Apple Watch
2022-01-06 09:48:10,0.412,Alan’s Apple Watch
2022-01-06 09:48:11,0.412,Alan’s Apple Watch
2022-01-06 09:48:12,0.412,Alan’s Apple Watch
2022-01-06 09:48:13,0.412,Alan’s Apple Watch
2022-01-06 09:48:14,0.412,Alan’s Apple Watch
2022-01-06 09:48:15,0.412,Alan’s Apple Watch
2022-01-06 09:48:16,0.412,Alan’s Apple Watch
2022-01-06 09:48:17,0.412,Alan’s Apple Watch
2022-01-06 09:48:18,0.412,Alan’s Apple Watch
2022-01-06 09:48:19,0.412,Alan’s Apple Watch
2022-01-06 09:48:20,0.412,Alan’s Apple Watch
2022-01-06 09:48:21,0.412,Alan’s Apple Watch
2022-01-06 09:48:22,0.412,Alan’s Apple Watch
2022-01-06 09:48:23,0.185,Alan’s Apple Watch
2022-01-06 09:49:39,0.193,Alan’s Apple Watch
2022-01-06 09:49:40,0.512,Alan’s Apple Watch
2022-01-06 09:49:41,0.512,Alan’s Apple Watch
2022-01-06 09:49:42,0.512,Alan’s Apple Watch
2022-01-06 09:49:43,0.512,Alan’s Apple Watch
2022-01-06 09:49:44,0.512,Alan’s Apple Watch
2022-01-06 09:49:45,0.512,Alan’s Apple Watch
2022-01-06 09:49:46,0.512,Alan’s Apple Watch
2022-01-06 09:49:47,0.512,Alan’s Apple Watch
2022-01-06 09:49:48,0.512,Alan’s Apple Watch
2022-01-06 09:49:49,0.512,Alan’s Apple Watch
2022-01-06 09:49:50,0.512,Alan’s Apple Watch
2022-01-06 09:49:51,0.512,Alan’s Apple Watch
2022-01-06 09:49:52,0.512,Alan’s Apple Watch
2022-01-06 09:49:53,0.512,Alan’s Apple Watch
2022-01-06 09:49:54,0.512,Alan’s Apple Watch
2022-01-06 09:49:55,0.512,Alan’s Apple Watch
2022-01-06 09:49:56,0.512,Alan’s Apple Watch
2022-01-06 09:49:57,0.512,Alan’s Apple Watch
2022-01-06 09:49:58,0.512,Alan’s Apple Watch
2022-01-06 09:49:59,0.512,Alan’s Apple Watch
2022-01-06 09:50:00,0.512,Alan’s Apple Watch
2022-01-06 09:50:01,0.512,Alan’s Apple Watch
2022-01-06 09:50:02,0.512,Alan’s Apple Watch
2022-01-06 09:50:03,0.512,Alan’s Apple Watch
2022-01-06 09:50:04,0.512,Alan’s Apple Watch
2022-01-06 09:50:05,0.512,Alan’s Apple Watch
2022-01-06 09:50:06,0.498,Alan’s Apple Watch
2022-01-06 09:50:12,0.206,Alan’s Apple Watch
2022-01-06 09:50:13,0.437,Alan’s Apple Watch
2022-01-06 09:50:14,0.437,Alan’s Apple Watch
2022-01-06 09:50:15,0.437,Alan’s Apple Watch
2022-01-06 09:50:16,0.437,Alan’s Apple Watch
2022-01-06 09:50:17,0.437,Alan’s Apple Watch
2022-01-06 09:50:18,0.437,Alan’s Apple Watch
2022-01-06 09:50:19,0.437,Alan’s Apple Watch
2022-01-06 09:50:20,0.437,Alan’s Apple Watch
2022-01-06 09:50:21,0.437,Alan’s Apple Watch
2022-01-06 09:50:22,0.437,Alan’s Apple Watch
2022-01-06 09:50:23,0.419,Alan’s Apple Watch
