Date/Time,Swimming Distance (yd),Source
2022-01-06 09:13:54,0.116,Alan’s Apple Watch
2022-01-06 09:13:55,0.677,Alan’s Apple Watch
2022-01-06 09:13:56,0.677,Alan’s Apple Watch
2022-01-06 09:13:57,0.677,Alan’s Apple Watch
2022-01-06 09:13:58,0.677,Alan’s Apple Watch
2022-01-06 09:13:59,0.677,Alan’s Apple Watch
2022-01-06 09:14:00,0.677,Alan’s Apple Watch
2022-01-06 09:14:01,0.677,Alan’s Apple Watch
2022-01-06 09:14:02,0.677,Alan’s Apple Watch
2022-01-06 09:14:03,0.677,Alan’s Apple Watch
2022-01-06 09:14:04,0.677,Alan’s Apple Watch
2022-01-06 09:14:05,0.677,Alan’s Apple Watch
2022-01-06 09:14:06,0.677,Alan’s Apple Watch
2022-01-06 09:14:07,0.677,Alan’s Apple Watch
2022-01-06 09:14:08,0.677,Alan’s Apple Watch
2022-01-06 09:14:09,0.677,Alan’s Apple Watch
2022-01-06 09:14:10,0.677,Alan’s Apple Watch
2022-01-06 09:14:11,0.677,Alan’s Apple Watch
2022-01-06 09:14:12,0.677,Alan’s Apple Watch
2022-01-06 09:14:13,0.677,Alan’s Apple Watch
2022-01-06 09:14:14,0.677,Alan’s Apple Watch
2022-01-06 09:14:15,0.677,Alan’s Apple Watch
2022-01-06 09:14:16,0.677,Alan’s Apple Watch
2022-01-06 09:14:17,0.677,Alan’s Apple Watch
2022-01-06 09:14:18,0.677,Alan’s Apple Watch
2022-01-06 09:14:19,0.677,Alan’s Apple Watch
2022-01-06 09:14:20,0.677,Alan’s Apple Watch
2022-01-06 09:14:21,0.677,Alan’s Apple Watch
2022-01-06 09:14:22,0.677,Alan’s Apple Watch
2022-01-06 09:14:23,0.677,Alan’s Apple Watch
2022-01-06 09:14:24,0.677,Alan’s Apple Watch
2022-01-06 09:14:25,0.677,Alan’s Apple Watch
2022-01-06 09:14:26,0.677,Alan’s Apple Watch
2022-01-06 09:14:27,0.677,Alan’s Apple Watch
2022-01-06 09:14:28,0.677,Alan’s Apple Watch
2022-01-06 09:14:29,0.677,Alan’s Apple Watch
2022-01-06 09:14:30,0.677,Alan’s Apple Watch
2022-01-06 09:14:31,0.821,Alan’s Apple Watch
2022-01-06 09:14:32,1.28,Alan’s Apple Watch
2022-01-06 09:14:33,1.28,Alan’s Apple Watch
2022-01-06 09:14:34,1.28,Alan’s Apple Watch
2022-01-06 09:14:35,1.28,Alan’s Apple Watch
2022-01-06 09:14:36,1.28,Alan’s Apple Watch
2022-01-06 09:14:37,1.28,Alan’s Apple Watch
2022-01-06 09:14:38,1.28,Alan’s Apple Watch
2022-01-06 09:14:39,1.28,Alan’s Apple Watch
2022-01-06 09:14:40,1.28,Alan’s Apple Watch
2022-01-06 09:14:41,1.28,Alan’s Apple Watch
2022-01-06 09:14:42,1.28,Alan’s Apple Watch
2022-01-06 09:14:43,1.28,Alan’s Apple Watch
2022-01-06 09:14:44,1.28,Alan’s Apple Watch
2022-01-06 09:14:45,1.28,Alan’s Apple Watch
2022-01-06 09:14:46,1.28,Alan’s Apple Watch
2022-01-06 09:14:47,1.28,Alan’s Apple Watch
2022-01-06 09:14:48,1.28,Alan’s Apple Watch
2022-01-06 09:14:49,1.28,Alan’s Apple Watch
2022-01-06 09:14:50,1.28,Alan’s Apple Watch
2022-01-06 09:14:51,1.17,Alan’s Apple Watch
2022-01-06 09:14:52,1.14,Alan’s Apple Watch
2022-01-06 09:14:53,1.14,Alan’s Apple Watch
2022-01-06 09:14:54,1.14,Alan’s Apple Watch
2022-01-06 09:14:55,1.14,Alan’s Apple Watch
2022-01-06 09:14:56,1.14,Alan’s Apple Watch
2022-01-06 09:14:57,1.14,Alan’s Apple Watch
2022-01-06 09:14:58,1.14,Alan’s Apple Watch
2022-01-06 09:14:59,1.14,Alan’s Apple Watch
2022-01-06 09:15:00,1.14,Alan’s Apple Watch
2022-01-06 09:15:01,1.14,Alan’s Apple Watch
2022-01-06 09:15:02,1.14,Alan’s Apple Watch
2022-01-06 09:15:03,1.14,Alan’s Apple Watch
2022-01-06 09:15:04,1.14,Alan’s Apple Watch
2022-01-06 09:15:05,1.14,Alan’s Apple Watch
2022-01-06 09:15:06,1.14,Alan’s Apple Watch
2022-01-06 09:15:07,1.14,Alan’s Apple Watch
2022-01-06 09:15:08,1.14,Alan’s Apple Watch
2022-01-06 09:15:09,1.14,Alan’s Apple Watch
2022-01-06 09:15:10,1.14,Alan’s Apple Watch
2022-01-06 09:15:11,1.14,Alan’s Apple Watch
2022-01-06 09:15:12,1.14,Alan’s Apple Watch
2022-01-06 09:15:13,1.21,Alan’s Apple Watch
2022-01-06 09:15:14,1.22,Alan’s Apple Watch
2022-01-06 09:15:15,1.22,Alan’s Apple Watch
2022-01-06 09:15:16,1.22,Alan’s Apple Watch
2022-01-06 09:15:17,1.22,Alan’s Apple Watch
2022-01-06 09:15:18,1.22,Alan’s Apple Watch
2022-01-06 09:15:19,1.22,Alan’s Apple Watch
2022-01-06 09:15:20,1.22,Alan’s Apple Watch
2022-01-06 09:15:21,1.22,Alan’s Apple Watch
2022-01-06 09:15:22,1.22,Alan’s Apple Watch
2022-01-06 09:15:23,1.22,Alan’s Apple Watch
2022-01-06 09:15:24,1.22,Alan’s Apple Watch
2022-01-06 09:15:25,1.22,Alan’s Apple Watch
2022-01-06 09:15:26,1.22,Alan’s Apple Watch
2022-01-06 09:15:27,1.22,Alan’s Apple Watch
2022-01-06 09:15:28,1.22,Alan’s Apple Watch
2022-01-06 09:15:29,1.22,Alan’s Apple Watch
2022-01-06 09:15:30,1.22,Alan’s Apple Watch
2022-01-06 09:15:31,1.22,Alan’s Apple Watch
2022-01-06 09:15:32,1.22,Alan’s Apple Watch
2022-01-06 09:15:33,0.788,Alan’s Apple Watch
2022-01-06 09:15:38,0.541,Alan’s Apple Watch
2022-01-06 09:15:39,2.4,Alan’s Apple Watch
2022-01-06 09:15:40,2.4,Alan’s Apple Watch
2022-01-06 09:15:41,2.4,Alan’s Apple Watch
2022-01-06 09:15:42,2.4,Alan’s Apple Watch
2022-01-06 09:15:43,2.4,Alan’s Apple Watch
2022-01-06 09:15:44,2.4,Alan’s Apple Watch
2022-01-06 09:15:45,2.4,Alan’s Apple Watch
2022-01-06 09:15:46,2.4,Alan’s Apple Watch
2022-01-06 09:15:47,2.4,Alan’s Apple Watch
2022-01-06 09:15:48,2.4,Alan’s Apple Watch
2022-01-06 09:15:49,0.472,Alan’s Apple Watch
2022-01-06 09:16:05,0.767,Alan’s Apple Watch
2022-01-06 09:16:06,0.904,Alan’s Apple Watch
2022-01-06 09:16:07,0.904,Alan’s Apple Watch
2022-01-06 09:16:08,0.904,Alan’s Apple Watch
2022-01-06 09:16:09,0.904,Alan’s Apple Watch
2022-01-06 09:16:10,0.904,Alan’s Apple Watch
2022-01-06 09:16:11,0.904,Alan’s Apple Watch
2022-01-06 09:16:12,0.904,Alan’s Apple Watch
2022-01-06 09:16:13,0.904,Alan’s Apple Watch
2022-01-06 09:16:14,0.904,Alan’s Apple Watch
2022-01-06 09:16:15,0.904,Alan’s Apple Watch
2022-01-06 09:16:16,0.904,Alan’s Apple Watch
2022-01-06 09:16:17,0.904,Alan’s Apple Watch
2022-01-06 09:16:18,0.904,Alan’s Apple Watch
2022-01-06 09:16:19,0.904,Alan’s Apple Watch
2022-01-06 09:16:20,0.904,Alan’s Apple Watch
2022-01-06 09:16:21,0.904,Alan’s Apple Watch
2022-01-06 09:16:22,0.904,Alan’s Apple Watch
2022-01-06 09:16:23,0.904,Alan’s Apple Watch
2022-01-06 09:16:24,0.904,Alan’s Apple Watch
2022-01-06 09:16:25,0.904,Alan’s Apple Watch
2022-01-06 09:16:26,0.904,Alan’s Apple Watch
2022-01-06 09:16:27,0.904,Alan’s Apple Watch
2022-01-06 09:16:28,0.904,Alan’s Apple Watch
2022-01-06 09:16:29,0.904,Alan’s Apple Watch
2022-01-06 09:16:30,0.904,Alan’s Apple Watch
2022-01-06 09:16:31,0.904,Alan’s Apple Watch
2022-01-06 09:16:32,0.734,Alan’s Apple Watch
2022-01-06 09:18:50,0.475,Alan’s Apple Watch
2022-01-06 09:18:51,1.42,Alan’s Apple Watch
2022-01-06 09:18:52,1.42,Alan’s Apple Watch
2022-01-06 09:18:53,1.42,Alan’s Apple Watch
2022-01-06 09:18:54,1.42,Alan’s Apple Watch
2022-01-06 09:18:55,1.42,Alan’s Apple Watch
2022-01-06 09:18:56,1.42,Alan’s Apple Watch
2022-01-06 09:18:57,1.42,Alan’s Apple Watch
2022-01-06 09:18:58,1.42,Alan’s Apple Watch
2022-01-06 09:18:59,1.42,Alan’s Apple Watch
2022-01-06 09:19:00,1.42,Alan’s Apple Watch
2022-01-06 09:19:01,1.42,Alan’s Apple Watch
2022-01-06 09:19:02,1.42,Alan’s Apple Watch
2022-01-06 09:19:03,1.42,Alan’s Apple Watch
2022-01-06 09:19:04,1.42,Alan’s Apple Watch
2022-01-06 09:19:05,1.42,Alan’s Apple Watch
2022-01-06 09:19:06,1.42,Alan’s Apple Watch
2022-01-06 09:19:07,1.42,Alan’s Apple Watch
2022-01-06 09:19:08,0.433,Alan’s Apple Watch
2022-01-06 09:19:14,1.99,Alan’s Apple Watch
2022-01-06 09:19:15,2.01,Alan’s Apple Watch
2022-01-06 09:19:16,2.01,Alan’s Apple Watch
2022-01-06 09:19:17,2.01,Alan’s Apple Watch
2022-01-06 09:19:18,2.01,Alan’s Apple Watch
2022-01-06 09:19:19,2.01,Alan’s Apple Watch
2022-01-06 09:19:20,2.01,Alan’s Apple Watch
2022-01-06 09:19:21,2.01,Alan’s Apple Watch
2022-01-06 09:19:22,2.01,Alan’s Apple Watch
2022-01-06 09:19:23,2.01,Alan’s Apple Watch
2022-01-06 09:19:24,2.01,Alan’s Apple Watch
2022-01-06 09:19:25,2.01,Alan’s Apple Watch
2022-01-06 09:19:26,0.92,Alan’s Apple Watch
2022-01-06 09:19:32,1.61,Alan’s Apple Watch
2022-01-06 09:19:33,1.67,Alan’s Apple Watch
2022-01-06 09:19:34,1.67,Alan’s Apple Watch
2022-01-06 09:19:35,1.67,Alan’s Apple Watch
2022-01-06 09:19:36,1.67,Alan’s Apple Watch
2022-01-06 09:19:37,1.67,Alan’s Apple Watch
2022-01-06 09:19:38,1.67,Alan’s Apple Watch
2022-01-06 09:19:39,1.67,Alan’s Apple Watch
2022-01-06 09:19:40,1.67,Alan’s Apple Watch
2022-01-06 09:19:41,1.67,Alan’s Apple Watch
2022-01-06 09:19:42,1.67,Alan’s Apple Watch
2022-01-06 09:19:43,1.67,Alan’s Apple Watch
2022-01-06 09:19:44,1.67,Alan’s Apple Watch
2022-01-06 09:19:45,1.67,Alan’s Apple Watch
2022-01-06 09:19:46,1.62,Alan’s Apple Watch
2022-01-06 09:19:52,0.048,Alan’s Apple Watch
2022-01-06 09:19:53,0.728,Alan’s Apple Watch
2022-01-06 09:19:54,0.728,Alan’s Apple Watch
2022-01-06 09:19:55,0.728,Alan’s Apple Watch
2022-01-06 09:19:56,0.728,Alan’s Apple Watch
2022-01-06 09:19:57,0.728,Alan’s Apple Watch
2022-01-06 09:19:58,0.728,Alan’s Apple Watch
2022-01-06 09:19:59,0.728,Alan’s Apple Watch
2022-01-06 09:20:00,0.728,Alan’s Apple Watch
2022-01-06 09:20:01,0.728,Alan’s Apple Watch
2022-01-06 09:20:02,0.728,Alan’s Apple Watch
2022-01-06 09:20:03,0.728,Alan’s Apple Watch
2022-01-06 09:20:04,0.728,Alan’s Apple Watch
2022-01-06 09:20:05,0.728,Alan’s Apple Watch
2022-01-06 09:20:06,0.728,Alan’s Apple Watch
2022-01-06 09:20:07,0.728,Alan’s Apple Watch
2022-01-06 09:20:08,0.728,Alan’s Apple Watch
2022-01-06 09:20:09,0.728,Alan’s Apple Watch
2022-01-06 09:20:10,0.728,Alan’s Apple Watch
2022-01-06 09:20:11,0.728,Alan’s Apple Watch
2022-01-06 09:20:12,0.728,Alan’s Apple Watch
2022-01-06 09:20:13,0.728,Alan’s Apple Watch
2022-01-06 09:20:14,0.728,Alan’s Apple Watch
2022-01-06 09:20:15,0.728,Alan’s Apple Watch
2022-01-06 09:20:16,0.728,Alan’s Apple Watch
2022-01-06 09:20:17,0.728,Alan’s Apple Watch
2022-01-06 09:20:18,0.728,Alan’s Apple Watch
2022-01-06 09:20:19,0.728,Alan’s Apple Watch
2022-01-06 09:20:20,0.728,Alan’s Apple Watch
2022-01-06 09:20:21,0.728,Alan’s Apple Watch
2022-01-06 09:20:22,0.728,Alan’s Apple Watch
2022-01-06 09:20:23,0.728,Alan’s Apple Watch
2022-01-06 09:20:24,0.728,Alan’s Apple Watch
2022-01-06 09:20:25,0.728,Alan’s Apple Watch
2022-01-06 09:20:26,0.728,Alan’s Apple Watch
2022-01-06 09:20:27,0.205,Alan’s Apple Watch
2022-01-06 09:20:56,0.4,Alan’s Apple Watch
2022-01-06 09:20:57,1.17,Alan’s Apple Watch
2022-01-06 09:20:58,1.17,Alan’s Apple Watch
2022-01-06 09:20:59,1.17,Alan’s Apple Watch
2022-01-06 09:21:00,1.17,Alan’s Apple Watch
2022-01-06 09:21:01,1.17,Alan’s Apple Watch
2022-01-06 09:21:02,1.17,Alan’s Apple Watch
2022-01-06 09:21:03,1.17,Alan’s Apple Watch
2022-01-06 09:21:04,1.17,Alan’s Apple Watch
2022-01-06 09:21:05,1.17,Alan’s Apple Watch
2022-01-06 09:21:06,1.17,Alan’s Apple Watch
2022-01-06 09:21:07,1.17,Alan’s Apple Watch
2022-01-06 09:21:08,1.17,Alan’s Apple Watch
2022-01-06 09:21:09,1.17,Alan’s Apple Watch
2022-01-06 09:21:10,1.17,Alan’s Apple Watch
2022-01-06 09:21:11,1.17,Alan’s Apple Watch
2022-01-06 09:21:12,1.17,Alan’s Apple Watch
2022-01-06 09:21:13,1.17,Alan’s Apple Watch
2022-01-06 09:21:14,1.17,Alan’s Apple Watch
2022-01-06 09:21:15,1.17,Alan’s Apple Watch
2022-01-06 09:21:16,1.17,Alan’s Apple Watch
2022-01-06 09:21:17,1.15,Alan’s Apple Watch
2022-01-06 09:21:46,0.108,Alan’s Apple Watch
2022-01-06 09:21:47,0.976,Alan’s Apple Watch
2022-01-06 09:21:48,0.976,Alan’s Apple Watch
2022-01-06 09:21:49,0.976,Alan’s Apple Watch
2022-01-06 09:21:50,0.976,Alan’s Apple Watch
2022-01-06 09:21:51,0.976,Alan’s Apple Watch
2022-01-06 09:21:52,0.976,Alan’s Apple Watch
2022-01-06 09:21:53,0.976,Alan’s Apple Watch
2022-01-06 09:21:54,0.976,Alan’s Apple Watch
2022-01-06 09:21:55,0.976,Alan’s Apple Watch
2022-01-06 09:21:56,0.976,Alan’s Apple Watch
2022-01-06 09:21:57,0.976,Alan’s Apple Watch
2022-01-06 09:21:58,0.976,Alan’s Apple Watch
2022-01-06 09:21:59,0.976,Alan’s Apple Watch
2022-01-06 09:22:00,0.976,Alan’s Apple Watch
2022-01-06 09:22:01,0.976,Alan’s Apple Watch
2022-01-06 09:22:02,0.976,Alan’s Apple Watch
2022-01-06 09:22:03,0.976,Alan’s Apple Watch
2022-01-06 09:22:04,0.976,Alan’s Apple Watch
2022-01-06 09:22:05,0.976,Alan’s Apple Watch
2022-01-06 09:22:06,0.976,Alan’s Apple Watch
2022-01-06 09:22:07,0.976,Alan’s Apple Watch
2022-01-06 09:22:08,0.976,Alan’s Apple Watch
2022-01-06 09:22:09,0.976,Alan’s Apple Watch
2022-01-06 09:22:10,0.976,Alan’s Apple Watch
2022-01-06 09:22:11,0.976,Alan’s Apple Watch
2022-01-06 09:22:12,0.489,Alan’s Apple Watch
2022-01-06 09:22:17,1.94,Alan’s Apple Watch
2022-01-06 09:22:18,3.69,Alan’s Apple Watch
2022-01-06 09:22:19,3.69,Alan’s Apple Watch
2022-01-06 09:22:20,3.69,Alan’s Apple Watch
2022-01-06 09:22:21,3.69,Alan’s Apple Watch
2022-01-06 09:22:22,3.69,Alan’s Apple Watch
2022-01-06 09:22:23,3.69,Alan’s Apple Watch
2022-01-06 09:22:24,0.922,Alan’s Apple Watch
2022-01-06 09:22:39,0.329,Alan’s Apple Watch
2022-01-06 09:22:40,1.1,Alan’s Apple Watch
2022-01-06 09:22:41,1.1,Alan’s Apple Watch
2022-01-06 09:22:42,1.1,Alan’s Apple Watch
2022-01-06 09:22:43,1.1,Alan’s Apple Watch
2022-01-06 09:22:44,1.1,Alan’s Apple Watch
2022-01-06 09:22:45,1.1,Alan’s Apple Watch
2022-01-06 09:22:46,1.1,Alan’s Apple Watch
2022-01-06 09:22:47,1.1,Alan’s Apple Watch
2022-01-06 09:22:48,1.1,Alan’s Apple Watch
2022-01-06 09:22:49,1.1,Alan’s Apple Watch
2022-01-06 09:22:50,1.1,Alan’s Apple Watch
2022-01-06 09:22:51,1.1,Alan’s Apple Watch
2022-01-06 09:22:52,1.1,Alan’s Apple Watch
2022-01-06 09:22:53,1.1,Alan’s Apple Watch
2022-01-06 09:22:54,1.1,Alan’s Apple Watch
2022-01-06 09:22:55,1.1,Alan’s Apple Watch
2022-01-06 09:22:56,1.1,Alan’s Apple Watch
2022-01-06 09:22:57,1.1,Alan’s Apple Watch
2022-01-06 09:22:58,1.1,Alan’s Apple Watch
2022-01-06 09:22:59,1.1,Alan’s Apple Watch
2022-01-06 09:23:00,1.1,Alan’s Apple Watch
2022-01-06 09:23:01,1.1,Alan’s Apple Watch
2022-01-06 09:23:02,0.432,Alan’s Apple Watch
2022-01-06 09:23:06,1.03,Alan’s Apple Watch
2022-01-06 09:23:07,1.57,Alan’s Apple Watch
2022-01-06 09:23:08,1.57,Alan’s Apple Watch
2022-01-06 09:23:09,1.57,Alan’s Apple Watch
2022-01-06 09:23:10,1.57,Alan’s Apple Watch
2022-01-06 09:23:11,1.57,Alan’s Apple Watch
2022-01-06 09:23:12,1.57,Alan’s Apple Watch
2022-01-06 09:23:13,1.57,Alan’s Apple Watch
2022-01-06 09:23:14,1.57,Alan’s Apple Watch
2022-01-06 09:23:15,1.57,Alan’s Apple Watch
2022-01-06 09:23:16,1.57,Alan’s Apple Watch
2022-01-06 09:23:17,1.57,Alan’s Apple Watch
2022-01-06 09:23:18,1.57,Alan’s Apple Watch
2022-01-06 09:23:19,1.57,Alan’s Apple Watch
2022-01-06 09:23:20,1.57,Alan’s Apple Watch
2022-01-06 09:23:21,1.57,Alan’s Apple Watch
2022-01-06 09:23:22,0.379,Alan’s Apple Watch
2022-01-06 09:24:38,0.565,Alan’s Apple Watch
2022-01-06 09:24:39,1.37,Alan’s Apple Watch
2022-01-06 09:24:40,1.37,Alan’s Apple Watch
2022-01-06 09:24:41,1.37,Alan’s Apple Watch
2022-01-06 09:24:42,1.37,Alan’s Apple Watch
2022-01-06 09:24:43,1.37,Alan’s Apple Watch
2022-01-06 09:24:44,1.37,Alan’s Apple Watch
2022-01-06 09:24:45,1.37,Alan’s Apple Watch
2022-01-06 09:24:46,1.37,Alan’s Apple Watch
2022-01-06 09:24:47,1.37,Alan’s Apple Watch
2022-01-06 09:24:48,1.37,Alan’s Apple Watch
2022-01-06 09:24:49,1.37,Alan’s Apple Watch
2022-01-06 09:24:50,1.37,Alan’s Apple Watch
2022-01-06 09:24:51,1.37,Alan’s Apple Watch
2022-01-06 09:24:52,1.37,Alan’s Apple Watch
2022-01-06 09:24:53,1.37,Alan’s Apple Watch
2022-01-06 09:24:54,1.37,Alan’s Apple Watch
2022-01-06 09:24:55,1.37,Alan’s Apple Watch
2022-01-06 09:24:56,1.18,Alan’s Apple Watch
2022-01-06 09:25:00,1.43,Alan’s Apple Watch
2022-01-06 09:25:01,1.84,Alan’s Apple Watch
2022-01-06 09:25:02,1.84,Alan’s Apple Watch
2022-01-06 09:25:03,1.84,Alan’s Apple Watch
2022-01-06 09:25:04,1.84,Alan’s Apple Watch
2022-01-06 09:25:05,1.84,Alan’s Apple Watch
2022-01-06 09:25:06,1.84,Alan’s Apple Watch
2022-01-06 09:25:07,1.84,Alan’s Apple Watch
2022-01-06 09:25:08,1.84,Alan’s Apple Watch
2022-01-06 09:25:09,1.84,Alan’s Apple Watch
2022-01-06 09:25:10,1.84,Alan’s Apple Watch
2022-01-06 09:25:11,1.84,Alan’s Apple Watch
2022-01-06 09:25:12,1.84,Alan’s Apple Watch
2022-01-06 09:25:13,1.47,Alan’s Apple Watch
2022-01-06 09:25:18,0.571,Alan’s Apple Watch
2022-01-06 09:25:19,1.82,Alan’s Apple Watch
2022-01-06 09:25:20,1.82,Alan’s Apple Watch
2022-01-06 09:25:21,1.82,Alan’s Apple Watch
2022-01-06 09:25:22,1.82,Alan’s Apple Watch
2022-01-06 09:25:23,1.82,Alan’s Apple Watch
2022-01-06 09:25:24,1.82,Alan’s Apple Watch
2022-01-06 09:25:25,1.82,Alan’s Apple Watch
2022-01-06 09:25:26,1.82,Alan’s Apple Watch
2022-01-06 09:25:27,1.82,Alan’s Apple Watch
2022-01-06 09:25:28,1.82,Alan’s Apple Watch
2022-01-06 09:25:29,1.82,Alan’s Apple Watch
2022-01-06 09:25:30,1.82,Alan’s Apple Watch
2022-01-06 09:25:31,1.82,Alan’s Apple Watch
2022-01-06 09:25:32,0.715,Alan’s Apple Watch
2022-01-06 09:25:35,0.283,Alan’s Apple Watch
2022-01-06 09:25:36,1.72,Alan’s Apple Watch
2022-01-06 09:25:37,1.72,Alan’s Apple Watch
2022-01-06 09:25:38,1.72,Alan’s Apple Watch
2022-01-06 09:25:39,1.72,Alan’s Apple Watch
2022-01-06 09:25:40,1.72,Alan’s Apple Watch
2022-01-06 09:25:41,1.72,Alan’s Apple Watch
2022-01-06 09:25:42,1.72,Alan’s Apple Watch
2022-01-06 09:25:43,1.72,Alan’s Apple Watch
2022-01-06 09:25:44,1.72,Alan’s Apple Watch
2022-01-06 09:25:45,1.72,Alan’s Apple Watch
2022-01-06 09:25:46,1.72,Alan’s Apple Watch
2022-01-06 09:25:47,1.72,Alan’s Apple Watch
2022-01-06 09:25:48,1.72,Alan’s Apple Watch
2022-01-06 09:25:49,1.72,Alan’s Apple Watch
2022-01-06 09:25:50,0.592,Alan’s Apple Watch
2022-01-06 09:26:06,0.18,Alan’s Apple Watch
2022-01-06 09:26:07,1.38,Alan’s Apple Watch
2022-01-06 09:26:08,1.38,Alan’s Apple Watch
2022-01-06 09:26:09,1.38,Alan’s Apple Watch
2022-01-06 09:26:10,1.38,Alan’s Apple Watch
2022-01-06 09:26:11,1.38,Alan’s Apple Watch
2022-01-06 09:26:12,1.38,Alan’s Apple Watch
2022-01-06 09:26:13,1.38,Alan’s Apple Watch
2022-01-06 09:26:14,1.38,Alan’s Apple Watch
2022-01-06 09:26:15,1.38,Alan’s Apple Watch
2022-01-06 09:26:16,1.38,Alan’s Apple Watch
2022-01-06 09:26:17,1.38,Alan’s Apple Watch
2022-01-06 09:26:18,1.38,Alan’s Apple Watch
2022-01-06 09:26:19,1.38,Alan’s Apple Watch
2022-01-06 09:26:20,1.38,Alan’s Apple Watch
2022-01-06 09:26:21,1.38,Alan’s Apple Watch
2022-01-06 09:26:22,1.38,Alan’s Apple Watch
2022-01-06 09:26:23,1.38,Alan’s Apple Watch
2022-01-06 09:26:24,1.28,Alan’s Apple Watch
2022-01-06 09:26:31,0.31,Alan’s Apple Watch
2022-01-06 09:26:32,1.11,Alan’s Apple Watch
2022-01-06 09:26:33,1.11,Alan’s Apple Watch
2022-01-06 09:26:34,1.11,Alan’s Apple Watch
2022-01-06 09:26:35,1.11,Alan’s Apple Watch
2022-01-06 09:26:36,1.11,Alan’s Apple Watch
2022-01-06 09:26:37,1.11,Alan’s Apple Watch
2022-01-06 09:26:38,1.11,Alan’s Apple Watch
2022-01-06 09:26:39,1.11,Alan’s Apple Watch
2022-01-06 09:26:40,1.11,Alan’s Apple Watch
2022-01-06 09:26:41,1.11,Alan’s Apple Watch
2022-01-06 09:26:42,1.11,Alan’s Apple Watch
2022-01-06 09:26:43,1.11,Alan’s Apple Watch
2022-01-06 09:26:44,1.11,Alan’s Apple Watch
2022-01-06 09:26:45,1.11,Alan’s Apple Watch
2022-01-06 09:26:46,1.11,Alan’s Apple Watch
2022-01-06 09:26:47,1.11,Alan’s Apple Watch
2022-01-06 09:26:48,1.11,Alan’s Apple Watch
2022-01-06 09:26:49,1.11,Alan’s Apple Watch
2022-01-06 09:26:50,1.11,Alan’s Apple Watch
2022-01-06 09:26:51,1.11,Alan’s Apple Watch
2022-01-06 09:26:52,1.11,Alan’s Apple Watch
2022-01-06 09:26:53,1.11,Alan’s Apple Watch
2022-01-06 09:26:54,0.289,Alan’s Apple Watch
2022-01-06 09:27:04,0.999,Alan’s Apple Watch
2022-01-06 09:27:05,2,Alan’s Apple Watch
2022-01-06 09:27:06,2,Alan’s Apple Watch
2022-01-06 09:27:07,2,Alan’s Apple Watch
2022-01-06 09:27:08,2,Alan’s Apple Watch
2022-01-06 09:27:09,2,Alan’s Apple Watch
2022-01-06 09:27:10,2,Alan’s Apple Watch
2022-01-06 09:27:11,2,Alan’s Apple Watch
2022-01-06 09:27:12,2,Alan’s Apple Watch
2022-01-06 09:27:13,2,Alan’s Apple Watch
2022-01-06 09:27:14,2,Alan’s Apple Watch
2022-01-06 09:27:15,2,Alan’s Apple Watch
2022-01-06 09:27:16,1.97,Alan’s Apple Watch
2022-01-06 09:28:15,0.875,Alan’s Apple Watch
2022-01-06 09:28:16,1.06,Alan’s Apple Watch
2022-01-06 09:28:17,1.06,Alan’s Apple Watch
2022-01-06 09:28:18,1.06,Alan’s Apple Watch
2022-01-06 09:28:19,1.06,Alan’s Apple Watch
2022-01-06 09:28:20,1.06,Alan’s Apple Watch
2022-01-06 09:28:21,1.06,Alan’s Apple Watch
2022-01-06 09:28:22,1.06,Alan’s Apple Watch
2022-01-06 09:28:23,1.06,Alan’s Apple Watch
2022-01-06 09:28:24,1.06,Alan’s Apple Watch
2022-01-06 09:28:25,1.06,Alan’s Apple Watch
2022-01-06 09:28:26,1.06,Alan’s Apple Watch
2022-01-06 09:28:27,1.06,Alan’s Apple Watch
2022-01-06 09:28:28,1.06,Alan’s Apple Watch
2022-01-06 09:28:29,1.06,Alan’s Apple Watch
2022-01-06 09:28:30,1.06,Alan’s Apple Watch
2022-01-06 09:28:31,1.06,Alan’s Apple Watch
2022-01-06 09:28:32,1.06,Alan’s Apple Watch
2022-01-06 09:28:33,1.06,Alan’s Apple Watch
2022-01-06 09:28:34,1.06,Alan’s Apple Watch
2022-01-06 09:28:35,1.06,Alan’s Apple Watch
2022-01-06 09:28:36,1.06,Alan’s Apple Watch
2022-01-06 09:28:37,1.06,Alan’s Apple Watch
2022-01-06 09:28:38,0.805,Alan’s Apple Watch
2022-01-06 09:28:39,1.04,Alan’s Apple Watch
2022-01-06 09:28:40,1.56,Alan’s Apple Watch
2022-01-06 09:28:41,1.56,Alan’s Apple Watch
2022-01-06 09:28:42,1.56,Alan’s Apple Watch
2022-01-06 09:28:43,1.56,Alan’s Apple Watch
2022-01-06 09:28:44,1.56,Alan’s Apple Watch
2022-01-06 09:28:45,1.56,Alan’s Apple Watch
2022-01-06 09:28:46,1.56,Alan’s Apple Watch
2022-01-06 09:28:47,1.56,Alan’s Apple Watch
2022-01-06 09:28:48,1.56,Alan’s Apple Watch
2022-01-06 09:28:49,1.56,Alan’s Apple Watch
2022-01-06 09:28:50,1.56,Alan’s Apple Watch
2022-01-06 09:28:51,1.56,Alan’s Apple Watch
2022-01-06 09:28:52,1.56,Alan’s Apple Watch
2022-01-06 09:28:53,1.56,Alan’s Apple Watch
2022-01-06 09:28:54,1.56,Alan’s Apple Watch
2022-01-06 09:28:55,0.54,Alan’s Apple Watch
2022-01-06 09:29:33,1.1,Alan’s Apple Watch
2022-01-06 09:29:34,1.47,Alan’s Apple Watch
2022-01-06 09:29:35,1.47,Alan’s Apple Watch
2022-01-06 09:29:36,1.47,Alan’s Apple Watch
2022-01-06 09:29:37,1.47,Alan’s Apple Watch
2022-01-06 09:29:38,1.47,Alan’s Apple Watch
2022-01-06 09:29:39,1.47,Alan’s Apple Watch
2022-01-06 09:29:40,1.47,Alan’s Apple Watch
2022-01-06 09:29:41,1.47,Alan’s Apple Watch
2022-01-06 09:29:42,1.47,Alan’s Apple Watch
2022-01-06 09:29:43,1.47,Alan’s Apple Watch
2022-01-06 09:29:44,1.47,Alan’s Apple Watch
2022-01-06 09:29:45,1.47,Alan’s Apple Watch
2022-01-06 09:29:46,1.47,Alan’s Apple Watch
2022-01-06 09:29:47,1.47,Alan’s Apple Watch
2022-01-06 09:29:48,1.47,Alan’s Apple Watch
2022-01-06 09:29:49,1.47,Alan’s Apple Watch
2022-01-06 09:29:50,0.391,Alan’s Apple Watch
2022-01-06 09:30:07,0.897,Alan’s Apple Watch
2022-01-06 09:30:08,2.61,Alan’s Apple Watch
2022-01-06 09:30:09,2.61,Alan’s Apple Watch
2022-01-06 09:30:10,2.61,Alan’s Apple Watch
2022-01-06 09:30:11,2.61,Alan’s Apple Watch
2022-01-06 09:30:12,2.61,Alan’s Apple Watch
2022-01-06 09:30:13,2.61,Alan’s Apple Watch
2022-01-06 09:30:14,2.61,Alan’s Apple Watch
2022-01-06 09:30:15,2.61,Alan’s Apple Watch
2022-01-06 09:30:16,2.61,Alan’s Apple Watch
2022-01-06 09:30:17,0.637,Alan’s Apple Watch
2022-01-06 09:34:16,0.128,Alan’s Apple Watch
2022-01-06 09:34:17,0.95,Alan’s Apple Watch
2022-01-06 09:34:18,0.95,Alan’s Apple Watch
2022-01-06 09:34:19,0.95,Alan’s Apple Watch
2022-01-06 09:34:20,0.95,Alan’s Apple Watch
2022-01-06 09:34:21,0.95,Alan’s Apple Watch
2022-01-06 09:34:22,0.95,Alan’s Apple Watch
2022-01-06 09:34:23,0.95,Alan’s Apple Watch
2022-01-06 09:34:24,0.95,Alan’s Apple Watch
2022-01-06 09:34:25,0.95,Alan’s Apple Watch
2022-01-06 09:34:26,0.95,Alan’s Apple Watch
2022-01-06 09:34:27,0.95,Alan’s Apple Watch
2022-01-06 09:34:28,0.95,Alan’s Apple Watch
2022-01-06 09:34:29,0.95,Alan’s Apple Watch
2022-01-06 09:34:30,0.95,Alan’s Apple Watch
2022-01-06 09:34:31,0.95,Alan’s Apple Watch
2022-01-06 09:34:32,0.95,Alan’s Apple Watch
2022-01-06 09:34:33,0.95,Alan’s Apple Watch
2022-01-06 09:34:34,0.95,Alan’s Apple Watch
2022-01-06 09:34:35,0.95,Alan’s Apple Watch
2022-01-06 09:34:36,0.95,Alan’s Apple Watch
2022-01-06 09:34:37,0.95,Alan’s Apple Watch
2022-01-06 09:34:38,0.95,Alan’s Apple Watch
2022-01-06 09:34:39,0.95,Alan’s Apple Watch
2022-01-06 09:34:40,0.95,Alan’s Apple Watch
2022-01-06 09:34:41,0.95,Alan’s Apple Watch
2022-01-06 09:34:42,0.95,Alan’s Apple Watch
2022-01-06 09:34:43,0.162,Alan’s Apple Watch
2022-01-06 09:35:06,0.548,Alan’s Apple Watch
2022-01-06 09:35:07,0.754,Alan’s Apple Watch
2022-01-06 09:35:08,0.754,Alan’s Apple Watch
2022-01-06 09:35:09,0.754,Alan’s Apple Watch
2022-01-06 09:35:10,0.754,Alan’s Apple Watch
2022-01-06 09:35:11,0.754,Alan’s Apple Watch
2022-01-06 09:35:12,0.754,Alan’s Apple Watch
2022-01-06 09:35:13,0.754,Alan’s Apple Watch
2022-01-06 09:35:14,0.754,Alan’s Apple Watch
2022-01-06 09:35:15,0.754,Alan’s Apple Watch
2022-01-06 09:35:16,0.754,Alan’s Apple Watch
2022-01-06 09:35:17,0.754,Alan’s Apple Watch
2022-01-06 09:35:18,0.754,Alan’s Apple Watch
2022-01-06 09:35:19,0.754,Alan’s Apple Watch
2022-01-06 09:35:20,0.754,Alan’s Apple Watch
2022-01-06 09:35:21,0.754,Alan’s Apple Watch
2022-01-06 09:35:22,0.754,Alan’s Apple Watch
2022-01-06 09:35:23,0.754,Alan’s Apple Watch
2022-01-06 09:35:24,0.754,Alan’s Apple Watch
2022-01-06 09:35:25,0.754,Alan’s Apple Watch
2022-01-06 09:35:26,0.754,Alan’s Apple Watch
2022-01-06 09:35:27,0.754,Alan’s Apple Watch
2022-01-06 09:35:28,0.754,Alan’s Apple Watch
2022-01-06 09:35:29,0.754,Alan’s Apple Watch
2022-01-06 09:35:30,0.754,Alan’s Apple Watch
2022-01-06 09:35:31,0.754,Alan’s Apple Watch
2022-01-06 09:35:32,0.754,Alan’s Apple Watch
2022-01-06 09:35:33,0.754,Alan’s Apple Watch
2022-01-06 09:35:34,0.754,Alan’s Apple Watch
2022-01-06 09:35:35,0.754,Alan’s Apple Watch
2022-01-06 09:35:36,0.754,Alan’s Apple Watch
2022-01-06 09:35:37,0.754,Alan’s Apple Watch
2022-01-06 09:35:38,0.754,Alan’s Apple Watch
2022-01-06 09:35:39,0.322,Alan’s Apple Watch
2022-01-06 09:35:41,0.041,Alan’s Apple Watch
2022-01-06 09:35:42,1.23,Alan’s Apple Watch
2022-01-06 09:35:43,1.23,Alan’s Apple Watch
2022-01-06 09:35:44,1.23,Alan’s Apple Watch
2022-01-06 09:35:45,1.23,Alan’s Apple Watch
2022-01-06 09:35:46,1.23,Alan’s Apple Watch
2022-01-06 09:35:47,1.23,Alan’s Apple Watch
2022-01-06 09:35:48,1.23,Alan’s Apple Watch
2022-01-06 09:35:49,1.23,Alan’s Apple Watch
2022-01-06 09:35:50,1.23,Alan’s Apple Watch
2022-01-06 09:35:51,1.23,Alan’s Apple Watch
2022-01-06 09:35:52,1.23,Alan’s Apple Watch
2022-01-06 09:35:53,1.23,Alan’s Apple Watch
2022-01-06 09:35:54,1.23,Alan’s Apple Watch
2022-01-06 09:35:55,1.23,Alan’s Apple Watch
2022-01-06 09:35:56,1.23,Alan’s Apple Watch
2022-01-06 09:35:57,1.23,Alan’s Apple Watch
2022-01-06 09:35:58,1.23,Alan’s Apple Watch
2022-01-06 09:35:59,1.23,Alan’s Apple Watch
2022-01-06 09:36:00,1.23,Alan’s Apple Watch
2022-01-06 09:36:01,1.23,Alan’s Apple Watch
2022-01-06 09:36:02,0.379,Alan’s Apple Watch
2022-01-06 09:36:53,0.324,Alan’s Apple Watch
2022-01-06 09:36:54,0.862,Alan’s Apple Watch
2022-01-06 09:36:55,0.862,Alan’s Apple Watch
2022-01-06 09:36:56,0.862,Alan’s Apple Watch
2022-01-06 09:36:57,0.862,Alan’s Apple Watch
2022-01-06 09:36:58,0.862,Alan’s Apple Watch
2022-01-06 09:36:59,0.862,Alan’s Apple Watch
2022-01-06 09:37:00,0.862,Alan’s Apple Watch
2022-01-06 09:37:01,0.862,Alan’s Apple Watch
2022-01-06 09:37:02,0.862,Alan’s Apple Watch
2022-01-06 09:37:03,0.862,Alan’s Apple Watch
2022-01-06 09:37:04,0.862,Alan’s Apple Watch
2022-01-06 09:37:05,0.862,Alan’s Apple Watch
2022-01-06 09:37:06,0.862,Alan’s Apple Watch
2022-01-06 09:37:07,0.862,Alan’s Apple Watch
2022-01-06 09:37:08,0.862,Alan’s Apple Watch
2022-01-06 09:37:09,0.862,Alan’s Apple Watch
2022-01-06 09:37:10,0.862,Alan’s Apple Watch
2022-01-06 09:37:11,0.862,Alan’s Apple Watch
2022-01-06 09:37:12,0.862,Alan’s Apple Watch
2022-01-06 09:37:13,0.862,Alan’s Apple Watch
2022-01-06 09:37:14,0.862,Alan’s Apple Watch
2022-01-06 09:37:15,0.862,Alan’s Apple Watch
2022-01-06 09:37:16,0.862,Alan’s Apple Watch
2022-01-06 09:37:17,0.862,Alan’s Apple Watch
2022-01-06 09:37:18,0.862,Alan’s Apple Watch
2022-01-06 09:37:19,0.862,Alan’s Apple Watch
2022-01-06 09:37:20,0.862,Alan’s Apple Watch
2022-01-06 09:37:21,0.862,Alan’s Apple Watch
2022-01-06 09:37:22,0.535,Alan’s Apple Watch
2022-01-06 09:38:31,0.052,Alan’s Apple Watch
2022-01-06 09:38:32,1.2,Alan’s Apple Watch
2022-01-06 09:38:33,1.2,Alan’s Apple Watch
2022-01-06 09:38:34,1.2,Alan’s Apple Watch
2022-01-06 09:38:35,1.2,Alan’s Apple Watch
2022-01-06 09:38:36,1.2,Alan’s Apple Watch
2022-01-06 09:38:37,1.2,Alan’s Apple Watch
2022-01-06 09:38:38,1.2,Alan’s Apple Watch
2022-01-06 09:38:39,1.2,Alan’s Apple Watch
2022-01-06 09:38:40,1.2,Alan’s Apple Watch
2022-01-06 09:38:41,1.2,Alan’s Apple Watch
2022-01-06 09:38:42,1.2,Alan’s Apple Watch
2022-01-06 09:38:43,1.2,Alan’s Apple Watch
2022-01-06 09:38:44,1.2,Alan’s Apple Watch
2022-01-06 09:38:45,1.2,Alan’s Apple Watch
2022-01-06 09:38:46,1.2,Alan’s Apple Watch
2022-01-06 09:38:47,1.2,Alan’s Apple Watch
2022-01-06 09:38:48,1.2,Alan’s Apple Watch
2022-01-06 09:38:49,1.2,Alan’s Apple Watch
2022-01-06 09:38:50,1.2,Alan’s Apple Watch
2022-01-06 09:38:51,1.2,Alan’s Apple Watch
2022-01-06 09:38:52,0.889,Alan’s Apple Watch
2022-01-06 09:39:31,0.844,Alan’s Apple Watch
2022-01-06 09:39:32,1.46,Alan’s Apple Watch
2022-01-06 09:39:33,1.46,Alan’s Apple Watch
2022-01-06 09:39:34,1.46,Alan’s Apple Watch
2022-01-06 09:39:35,1.46,Alan’s Apple Watch
2022-01-06 09:39:36,1.46,Alan’s Apple Watch
2022-01-06 09:39:37,1.46,Alan’s Apple Watch
2022-01-06 09:39:38,1.46,Alan’s Apple Watch
2022-01-06 09:39:39,1.46,Alan’s Apple Watch
2022-01-06 09:39:40,1.46,Alan’s Apple Watch
2022-01-06 09:39:41,1.46,Alan’s Apple Watch
2022-01-06 09:39:42,1.46,Alan’s Apple Watch
2022-01-06 09:39:43,1.46,Alan’s Apple Watch
2022-01-06 09:39:44,1.46,Alan’s Apple Watch
2022-01-06 09:39:45,1.46,Alan’s Apple Watch
2022-01-06 09:39:46,1.46,Alan’s Apple Watch
2022-01-06 09:39:47,1.46,Alan’s Apple Watch
2022-01-06 09:39:48,0.721,Alan’s Apple Watch
2022-01-06 09:41:26,0.82,Alan’s Apple Watch
2022-01-06 09:41:27,0.946,Alan’s Apple Watch
2022-01-06 09:41:28,0.946,Alan’s Apple Watch
2022-01-06 09:41:29,0.946,Alan’s Apple Watch
2022-01-06 09:41:30,0.946,Alan’s Apple Watch
2022-01-06 09:41:31,0.946,Alan’s Apple Watch
2022-01-06 09:41:32,0.946,Alan’s Apple Watch
2022-01-06 09:41:33,0.946,Alan’s Apple Watch
2022-01-06 09:41:34,0.946,Alan’s Apple Watch
2022-01-06 09:41:35,0.946,Alan’s Apple Watch
2022-01-06 09:41:36,0.946,Alan’s Apple Watch
2022-01-06 09:41:37,0.946,Alan’s Apple Watch
2022-01-06 09:41:38,0.946,Alan’s Apple Watch
2022-01-06 09:41:39,0.946,Alan’s Apple Watch
2022-01-06 09:41:40,0.946,Alan’s Apple Watch
2022-01-06 09:41:41,0.946,Alan’s Apple Watch
2022-01-06 09:41:42,0.946,Alan’s Apple Watch
2022-01-06 09:41:43,0.946,Alan’s Apple Watch
2022-01-06 09:41:44,0.946,Alan’s Apple Watch
2022-01-06 09:41:45,0.946,Alan’s Apple Watch
2022-01-06 09:41:46,0.946,Alan’s Apple Watch
2022-01-06 09:41:47,0.946,Alan’s Apple Watch
2022-01-06 09:41:48,0.946,Alan’s Apple Watch
2022-01-06 09:41:49,0.946,Alan’s Apple Watch
2022-01-06 09:41:50,0.946,Alan’s Apple Watch
2022-01-06 09:41:51,0.946,Alan’s Apple Watch
2022-01-06 09:41:52,0.537,Alan’s Apple Watch
2022-01-06 09:42:27,0.826,Alan’s Apple Watch
2022-01-06 09:42:28,1.14,Alan’s Apple Watch
2022-01-06 09:42:29,1.14,Alan’s Apple Watch
2022-01-06 09:42:30,1.14,Alan’s Apple Watch
2022-01-06 09:42:31,1.14,Alan’s Apple Watch
2022-01-06 09:42:32,1.14,Alan’s Apple Watch
2022-01-06 09:42:33,1.14,Alan’s Apple Watch
2022-01-06 09:42:34,1.14,Alan’s Apple Watch
2022-01-06 09:42:35,1.14,Alan’s Apple Watch
2022-01-06 09:42:36,1.14,Alan’s Apple Watch
2022-01-06 09:42:37,1.14,Alan’s Apple Watch
2022-01-06 09:42:38,1.14,Alan’s Apple Watch
2022-01-06 09:42:39,1.14,Alan’s Apple Watch
2022-01-06 09:42:40,1.14,Alan’s Apple Watch
2022-01-06 09:42:41,1.14,Alan’s Apple Watch
2022-01-06 09:42:42,1.14,Alan’s Apple Watch
2022-01-06 09:42:43,1.14,Alan’s Apple Watch
2022-01-06 09:42:44,1.14,Alan’s Apple Watch
2022-01-06 09:42:45,1.14,Alan’s Apple Watch
2022-01-06 09:42:46,1.14,Alan’s Apple Watch
2022-01-06 09:42:47,1.14,Alan’s Apple Watch
2022-01-06 09:42:48,1.14,Alan’s Apple Watch
2022-01-06 09:42:49,0.199,Alan’s Apple Watch
2022-01-06 09:42:51,0.272,Alan’s Apple Watch
2022-01-06 09:42:52,0.764,Alan’s Apple Watch
2022-01-06 09:42:53,0.764,Alan’s Apple Watch
2022-01-06 09:42:54,0.764,Alan’s Apple Watch
2022-01-06 09:42:55,0.764,Alan’s Apple Watch
2022-01-06 09:42:56,0.764,Alan’s Apple Watch
2022-01-06 09:42:57,0.764,Alan’s Apple Watch
2022-01-06 09:42:58,0.764,Alan’s Apple Watch
2022-01-06 09:42:59,0.764,Alan’s Apple Watch
2022-01-06 09:43:00,0.764,Alan’s Apple Watch
2022-01-06 09:43:01,0.764,Alan’s Apple Watch
2022-01-06 09:43:02,0.764,Alan’s Apple Watch
2022-01-06 09:43:03,0.764,Alan’s Apple Watch
2022-01-06 09:43:04,0.764,Alan’s Apple Watch
2022-01-06 09:43:05,0.764,Alan’s Apple Watch
2022-01-06 09:43:06,0.764,Alan’s Apple Watch
2022-01-06 09:43:07,0.764,Alan’s Apple Watch
2022-01-06 09:43:08,0.764,Alan’s Apple Watch
2022-01-06 09:43:09,0.764,Alan’s Apple Watch
2022-01-06 09:43:10,0.764,Alan’s Apple Watch
2022-01-06 09:43:11,0.764,Alan’s Apple Watch
2022-01-06 09:43:12,0.764,Alan’s Apple Watch
2022-01-06 09:43:13,0.764,Alan’s Apple Watch
2022-01-06 09:43:14,0.764,Alan’s Apple Watch
2022-01-06 09:43:15,0.764,Alan’s Apple Watch
2022-01-06 09:43:16,0.764,Alan’s Apple Watch
2022-01-06 09:43:17,0.764,Alan’s Apple Watch
2022-01-06 09:43:18,0.764,Alan’s Apple Watch
2022-01-06 09:43:19,0.764,Alan’s Apple Watch
2022-01-06 09:43:20,0.764,Alan’s Apple Watch
2022-01-06 09:43:21,0.764,Alan’s Apple Watch
2022-01-06 09:43:22,0.764,Alan’s Apple Watch
2022-01-06 09:43:23,0.764,Alan’s Apple Watch
2022-01-06 09:43:24,0.286,Alan’s Apple Watch
2022-01-06 09:44:36,0.512,Alan’s Apple Watch
2022-01-06 09:44:37,1.85,Alan’s Apple Watch
2022-01-06 09:44:38,1.85,Alan’s Apple Watch
2022-01-06 09:44:39,1.85,Alan’s Apple Watch
2022-01-06 09:44:40,1.85,Alan’s Apple Watch
2022-01-06 09:44:41,1.85,Alan’s Apple Watch
2022-01-06 09:44:42,1.85,Alan’s Apple Watch
2022-01-06 09:44:43,1.85,Alan’s Apple Watch
2022-01-06 09:44:44,1.85,Alan’s Apple Watch
2022-01-06 09:44:45,1.85,Alan’s Apple Watch
2022-01-06 09:44:46,1.85,Alan’s Apple Watch
2022-01-06 09:44:47,1.85,Alan’s Apple Watch
2022-01-06 09:44:48,1.85,Alan’s Apple Watch
2022-01-06 09:44:49,1.85,Alan’s Apple Watch
2022-01-06 09:44:50,0.421,Alan’s Apple Watch
2022-01-06 09:45:31,0.457,Alan’s Apple Watch
2022-01-06 09:45:32,1.02,Alan’s Apple Watch
2022-01-06 09:45:33,1.02,Alan’s Apple Watch
2022-01-06 09:45:34,1.02,Alan’s Apple Watch
2022-01-06 09:45:35,1.02,Alan’s Apple Watch
2022-01-06 09:45:36,1.02,Alan’s Apple Watch
2022-01-06 09:45:37,1.02,Alan’s Apple Watch
2022-01-06 09:45:38,1.02,Alan’s Apple Watch
2022-01-06 09:45:39,1.02,Alan’s Apple Watch
2022-01-06 09:45:40,1.02,Alan’s Apple Watch
2022-01-06 09:45:41,1.02,Alan’s Apple Watch
2022-01-06 09:45:42,1.02,Alan’s Apple Watch
2022-01-06 09:45:43,1.02,Alan’s Apple Watch
2022-01-06 09:45:44,1.02,Alan’s Apple Watch
2022-01-06 09:45:45,1.02,Alan’s Apple Watch
2022-01-06 09:45:46,1.02,Alan’s Apple Watch
2022-01-06 09:45:47,1.02,Alan’s Apple Watch
2022-01-06 09:45:48,1.02,Alan’s Apple Watch
2022-01-06 09:45:49,1.02,Alan’s Apple Watch
2022-01-06 09:45:50,1.02,Alan’s Apple Watch
2022-01-06 09:45:51,1.02,Alan’s Apple Watch
2022-01-06 09:45:52,1.02,Alan’s Apple Watch
2022-01-06 09:45:53,1.02,Alan’s Apple Watch
2022-01-06 09:45:54,1.02,Alan’s Apple Watch
2022-01-06 09:45:55,1.02,Alan’s Apple Watch
2022-01-06 09:45:56,0.01,Alan’s Apple Watch
2022-01-06 09:46:07,0.07,Alan’s Apple Watch
2022-01-06 09:46:08,0.313,Alan’s Apple Watch
2022-01-06 09:46:09,0.313,Alan’s Apple Watch
2022-01-06 09:46:10,0.313,Alan’s Apple Watch
2022-01-06 09:46:11,0.313,Alan’s Apple Watch
2022-01-06 09:46:12,0.313,Alan’s Apple Watch
2022-01-06 09:46:13,0.313,Alan’s Apple Watch
2022-01-06 09:46:14,0.313,Alan’s Apple Watch
2022-01-06 09:46:15,0.313,Alan’s Apple Watch
2022-01-06 09:46:16,0.313,Alan’s Apple Watch
2022-01-06 09:46:17,0.313,Alan’s Apple Watch
2022-01-06 09:46:18,0.313,Alan’s Apple Watch
2022-01-06 09:46:19,0.313,Alan’s Apple Watch
2022-01-06 09:46:20,0.313,Alan’s Apple Watch
2022-01-06 09:46:21,0.313,Alan’s Apple Watch
2022-01-06 09:46:22,0.313,Alan’s Apple Watch
2022-01-06 09:46:23,0.313,Alan’s Apple Watch
2022-01-06 09:46:24,0.313,Alan’s Apple Watch
2022-01-06 09:46:25,0.313,Alan’s Apple Watch
2022-01-06 09:46:26,0.313,Alan’s Apple Watch
2022-01-06 09:46:27,0.313,Alan’s Apple Watch
2022-01-06 09:46:28,0.313,Alan’s Apple Watch
2022-01-06 09:46:29,0.313,Alan’s Apple Watch
2022-01-06 09:46:30,0.313,Alan’s Apple Watch
2022-01-06 09:46:31,0.313,Alan’s Apple Watch
2022-01-06 09:46:32,0.313,Alan’s Apple Watch
2022-01-06 09:46:33,0.313,Alan’s Apple Watch
2022-01-06 09:46:34,0.313,Alan’s Apple Watch
2022-01-06 09:46:35,0.313,Alan’s Apple Watch
2022-01-06 09:46:36,0.313,Alan’s Apple Watch
2022-01-06 09:46:37,0.313,Alan’s Apple Watch
2022-01-06 09:46:38,0.313,Alan’s Apple Watch
2022-01-06 09:46:39,0.313,Alan’s Apple Watch
2022-01-06 09:46:40,0.313,Alan’s Apple Watch
2022-01-06 09:46:41,0.313,Alan’s Apple Watch
2022-01-06 09:46:42,0.313,Alan’s Apple Watch
2022-01-06 09:46:43,0.313,Alan’s Apple Watch
2022-01-06 09:46:44,0.313,Alan’s Apple Watch
2022-01-06 09:46:45,0.313,Alan’s Apple Watch
2022-01-06 09:46:46,0.313,Alan’s Apple Watch
2022-01-06 09:46:47,0.313,Alan’s Apple Watch
2022-01-06 09:46:48,0.313,Alan’s Apple Watch
2022-01-06 09:46:49,0.313,Alan’s Apple Watch
2022-01-06 09:46:50,0.313,Alan’s Apple Watch
2022-01-06 09:46:51,0.313,Alan’s Apple Watch
2022-01-06 09:46:52,0.313,Alan’s Apple Watch
2022-01-06 09:46:53,0.313,Alan’s Apple Watch
2022-01-06 09:46:54,0.313,Alan’s Apple Watch
2022-01-06 09:46:55,0.313,Alan’s Apple Watch
2022-01-06 09:46:56,0.313,Alan’s Apple Watch
2022-01-06 09:46:57,0.313,Alan’s Apple Watch
2022-01-06 09:46:58,0.313,Alan’s Apple Watch
2022-01-06 09:46:59,0.313,Alan’s Apple Watch
2022-01-06 09:47:00,0.313,Alan’s Apple Watch
2022-01-06 09:47:01,0.313,Alan’s Apple Watch
2022-01-06 09:47:02,0.313,Alan’s Apple Watch
2022-01-06 09:47:03,0.313,Alan’s Apple Watch
2022-01-06 09:47:04,0.313,Alan’s Apple Watch
2022-01-06 09:47:05,0.313,Alan’s Apple Watch
2022-01-06 09:47:06,0.313,Alan’s Apple Watch
2022-01-06 09:47:07,0.313,Alan’s Apple Watch
2022-01-06 09:47:08,0.313,Alan’s Apple Watch
2022-01-06 09:47:09,0.313,Alan’s Apple Watch
2022-01-06 09:47:10,0.313,Alan’s Apple Watch
2022-01-06 09:47:11,0.313,Alan’s Apple Watch
2022-01-06 09:47:12,0.313,Alan’s Apple Watch
2022-01-06 09:47:13,0.313,Alan’s Apple Watch
2022-01-06 09:47:14,0.313,Alan’s Apple Watch
2022-01-06 09:47:15,0.313,Alan’s Apple Watch
2022-01-06 09:47:16,0.313,Alan’s Apple Watch
2022-01-06 09:47:17,0.313,Alan’s Apple Watch
2022-01-06 09:47:18,0.313,Alan’s Apple Watch
2022-01-06 09:47:19,0.313,Alan’s Apple Watch
2022-01-06 09:47:20,0.313,Alan’s Apple Watch
2022-01-06 09:47:21,0.313,Alan’s Apple Watch
2022-01-06 09:47:22,0.313,Alan’s Apple Watch
2022-01-06 09:47:23,0.313,Alan’s Apple Watch
2022-01-06 09:47:24,0.313,Alan’s Apple Watch
2022-01-06 09:47:25,0.313,Alan’s Apple Watch
2022-01-06 09:47:26,0.313,Alan’s Apple Watch
2022-01-06 09:47:27,0.224,Alan’s Apple Watch
2022-01-06 09:48:01,0.445,Alan’s Apple Watch
2022-01-06 09:48:02,1.14,Alan’s Apple Watch
2022-01-06 09:48:03,1.14,Alan’s Apple Watch
2022-01-06 09:48:04,1.14,Alan’s Apple Watch
2022-01-06 09:48:05,1.14,Alan’s Apple Watch
2022-01-06 09:48:06,1.14,Alan’s Apple Watch
2022-01-06 09:48:07,1.14,Alan’s Apple Watch
2022-01-06 09:48:08,1.14,Alan’s Apple Watch
2022-01-06 09:48:09,1.14,Alan’s Apple Watch
2022-01-06 09:48:10,1.14,Alan’s Apple Watch
2022-01-06 09:48:11,1.14,Alan’s Apple Watch
2022-01-06 09:48:12,1.14,Alan’s Apple Watch
2022-01-06 09:48:13,1.14,Alan’s Apple Watch
2022-01-06 09:48:14,1.14,Alan’s Apple Watch
2022-01-06 09:48:15,1.14,Alan’s Apple Watch
2022-01-06 09:48:16,1.14,Alan’s Apple Watch
2022-01-06 09:48:17,1.14,Alan’s Apple Watch
2022-01-06 09:48:18,1.14,Alan’s Apple Watch
2022-01-06 09:48:19,1.14,Alan’s Apple Watch
2022-01-06 09:48:20,1.14,Alan’s Apple Watch
2022-01-06 09:48:21,1.14,Alan’s Apple Watch
2022-01-06 09:48:22,1.14,Alan’s Apple Watch
2022-01-06 09:48:23,0.513,Alan’s Apple Watch
2022-01-06 09:49:39,0.344,Alan’s Apple Watch
2022-01-06 09:49:40,0.914,Alan’s Apple Watch
2022-01-06 09:49:41,0.914,Alan’s Apple Watch
2022-01-06 09:49:42,0.914,Alan’s Apple Watch
2022-01-06 09:49:43,0.914,Alan’s Apple Watch
2022-01-06 09:49:44,0.914,Alan’s Apple Watch
2022-01-06 09:49:45,0.914,Alan’s Apple Watch
2022-01-06 09:49:46,0.914,Alan’s Apple Watch
2022-01-06 09:49:47,0.914,Alan’s Apple Watch
2022-01-06 09:49:48,0.914,Alan’s Apple Watch
2022-01-06 09:49:49,0.914,Alan’s Apple Watch
2022-01-06 09:49:50,0.914,Alan’s Apple Watch
2022-01-06 09:49:51,0.914,Alan’s Apple Watch
2022-01-06 09:49:52,0.914,Alan’s Apple Watch
2022-01-06 09:49:53,0.914,Alan’s Apple Watch
2022-01-06 09:49:54,0.914,Alan’s Apple Watch
2022-01-06 09:49:55,0.914,Alan’s Apple Watch
2022-01-06 09:49:56,0.914,Alan’s Apple Watch
2022-01-06 09:49:57,0.914,Alan’s Apple Watch
2022-01-06 09:49:58,0.914,Alan’s Apple Watch
2022-01-06 09:49:59,0.914,Alan’s Apple Watch
2022-01-06 09:50:00,0.914,Alan’s Apple Watch
2022-01-06 09:50:01,0.914,Alan’s Apple Watch
2022-01-06 09:50:02,0.914,Alan’s Apple Watch
2022-01-06 09:50:03,0.914,Alan’s Apple Watch
2022-01-06 09:50:04,0.914,Alan’s Apple Watch
2022-01-06 09:50:05,0.914,Alan’s Apple Watch
2022-01-06 09:50:06,0.889,Alan’s Apple Watch
2022-01-06 09:50:12,1.03,Alan’s Apple Watch
2022-01-06 09:50:13,2.19,Alan’s Apple Watch
2022-01-06 09:50:14,2.19,Alan’s Apple Watch
2022-01-06 09:50:15,2.19,Alan’s Apple Watch
2022-01-06 09:50:16,2.19,Alan’s Apple Watch
2022-01-06 09:50:17,2.19,Alan’s Apple Watch
2022-01-06 09:50:18,2.19,Alan’s Apple Watch
2022-01-06 09:50:19,2.19,Alan’s Apple Watch
2022-01-06 09:50:20,2.19,Alan’s Apple Watch
2022-01-06 09:50:21,2.19,Alan’s Apple Watch
2022-01-06 09:50:22,2.19,Alan’s Apple Watch
2022-01-06 09:50:23,2.1,Alan’s Apple Watch
